Unnamed: 0,gene_10427,gene_3905,gene_16635,gene_10544,gene_966,gene_6258,gene_17072,gene_1295,gene_6139,gene_12308,Class
sample_0,0.0,9.90846167632,0.591870870063,9.34465098915,10.3179778224,8.64138345663,0.0,2.12008647067,8.10257415366,6.30564226687,PRAD
sample_1,0.0,8.85894143564,0.0,7.68997002548,10.8102743897,7.80803102691,0.0,0.0,8.3033652287,8.10677229596,LUAD
sample_2,0.452595434703,8.94742070011,0.0,8.28544383447,9.84321287374,9.14686393026,0.0,0.0,8.88694332325,7.72640891631,PRAD
sample_3,0.0,9.30644225546,0.0,8.1507170566,10.1143019481,9.79327815827,0.0,0.0,9.12654703241,6.26653545244,PRAD
sample_4,0.0,9.6623550604,0.0,8.83057224816,10.0555264798,9.59250188719,0.0,1.36131920156,8.77361068485,8.84044749758,BRCA
sample_5,0.0,8.88662940071,0.89429393355,9.23595437743,10.1919721799,8.0899218125,0.0,0.0,9.07183773622,7.36272410891,PRAD
sample_6,2.56171715708,9.18467206228,0.0,7.61015375172,10.7550127307,8.39666471386,0.0,0.0,8.17273251764,6.45840005086,KIRC
sample_7,0.0,9.740074181,0.0,9.35668084647,10.2893849359,7.60877967895,0.0,0.0,8.12985482915,8.17527009107,PRAD
sample_8,1.91314792063,9.05635863162,0.0,5.60227573613,10.5960872354,8.98705363332,0.0,0.0,8.85044002951,8.97859034867,BRCA
sample_9,0.0,9.23395754417,0.0,7.52010004209,9.24019266837,8.601339958,0.0,0.0,9.55603082585,7.02342170514,PRAD
sample_10,0.0,9.13825643865,0.0,9.51372759595,10.7626477957,9.22163786844,0.0,0.0,8.00666269147,8.59775462269,BRCA
sample_11,1.61339020529,10.3096014047,0.0,4.94795130165,11.6320955035,8.1849596216,0.0,0.0,9.25021313292,8.25987034705,KIRC
sample_12,0.0,9.41731456777,0.0,9.00985660342,11.0184297118,9.16085969825,0.0,0.0,8.85352477385,7.76727739197,PRAD
sample_13,0.501821265421,9.49991961409,0.0,9.93830784857,10.0034898028,10.9605232939,0.0,0.0,6.9606622919,5.72797761682,BRCA
sample_14,0.0,9.55970211442,0.0,10.874305166,10.4584271205,8.47084186817,0.0,0.0,8.32681595178,9.41662865803,BRCA
sample_15,0.0,9.11664286708,0.0,6.85719724963,10.3534225436,7.69826015795,0.0,5.52033109498,8.6500321136,8.02701578365,BRCA
sample_16,1.03365205249,8.76914690326,0.0,9.82303439452,11.1056728404,8.93749741141,0.0,0.0,9.01283960031,8.18699073554,LUAD
sample_17,2.44403091116,10.3316783484,0.0,6.80785720164,10.6178898349,7.88810393858,0.0,0.0,9.44622727643,8.14296986283,KIRC
sample_18,0.0,10.2052312096,0.0,5.12867695775,10.2602021231,6.6830507459,0.0,0.0,9.6275284128,8.81025028603,KIRC
sample_19,0.0,9.40036501099,0.0,8.19786539135,9.90241581691,8.71106809213,0.0,0.0,8.40148967818,7.65995309244,PRAD
sample_20,0.0,10.3408292782,0.0,9.70575850968,8.18301003676,6.940953674,0.0,0.0,10.3090215319,8.45448848712,BRCA
sample_21,0.0,9.8619228064,0.0,7.31599183213,9.21740037804,6.23704739441,0.0,0.0,10.0305429984,10.0326794366,KIRC
sample_22,0.812621439577,7.81558183286,0.0,9.44640512422,11.982822494,8.2747927884,0.0,0.0,9.41317728087,7.79115637524,LUAD
sample_23,0.0,10.2124234278,0.0,9.04390220765,9.88776894865,9.6434630018,0.0,1.66033539406,8.31917984993,7.84623629578,BRCA
sample_24,1.45343856135,10.315715658,0.0,6.73630721435,9.63418302358,6.19060695934,0.0,0.0,10.8200193634,8.77488916454,KIRC
sample_25,0.0,9.41278787521,0.0,6.86262496056,12.6002056275,8.93862395742,0.0,0.0,8.89800272236,8.07603526207,LUAD
sample_26,0.0,9.21683314467,0.0,9.82910430468,11.668215766,9.89341075285,0.0,0.0,8.1779177922,5.68664338894,COAD
sample_27,0.0,8.71618841214,0.0,8.79692215784,11.335027402,8.39293988009,0.0,0.0,9.91648560154,8.32425256704,BRCA
sample_28,0.0,8.72488556353,0.0,9.46545824964,10.1708889807,8.64676389486,0.0,0.0,8.97338741543,11.0758868972,BRCA
sample_29,0.0,8.75324015308,0.0,11.2149140491,9.21921693224,9.2548278536,0.0,0.395282204132,8.81814115345,7.06605689095,BRCA
sample_30,0.0,9.30441749358,0.0,8.65039838284,10.3857437886,9.87151256177,0.0,0.0,9.24984113667,8.81551779163,BRCA
sample_31,0.0,9.87505355742,0.0,7.88758010186,8.59251309946,7.67061376422,0.0,0.0,9.27054529408,8.36730553477,BRCA
sample_32,0.0,9.99669944383,0.0,6.15413557818,10.5747827208,7.24671210053,0.0,0.0,9.19190311087,8.76391611079,KIRC
sample_33,0.609282179917,9.26142973655,0.0,9.73163469211,11.9057818493,9.70983685103,0.0,0.0,5.89066556103,8.22122458953,BRCA
sample_34,0.0,8.95676818014,0.631523406479,8.02347715183,10.5900068613,9.01350134157,0.0,0.0,8.85607376074,7.56079136638,PRAD
sample_35,1.09470900709,10.1578521691,0.0,8.96621125921,9.4836848004,9.21369478939,0.0,0.0,8.68097831663,8.84673775609,BRCA
sample_36,1.07833657112,10.4067896197,0.0,6.75604920532,10.0528804651,7.10364450345,0.0,0.0,10.1836601911,6.61591649236,KIRC
sample_37,2.16889872003,9.71464735532,0.0,8.52420867163,11.7080923732,8.51040419087,0.0,0.0,8.42861979257,7.6013919616,LUAD
sample_38,0.0,8.37579968772,0.0,7.03978544318,10.8780279153,9.45325622757,0.0,0.0,8.60839529537,8.03044092158,BRCA
sample_39,0.0,9.80227077911,0.0,8.26420799659,11.6948801928,9.61601209815,0.0,0.0,6.4644673342,7.7822906072,BRCA
sample_40,1.00748257633,9.83567937374,0.0,5.01452044354,10.6216856067,7.04862854814,0.0,0.0,10.1836477864,9.84522030448,KIRC
sample_41,0.0,10.0021258446,0.0,8.7518252066,10.5626431172,8.50786994374,0.0,0.0,9.25903468644,6.4302317397,PRAD
sample_42,0.0,9.59271116841,0.0,7.84710120586,10.8854523451,8.80019455371,0.0,0.0,9.82248160575,6.89922397736,PRAD
sample_43,0.495695162624,10.0018303848,0.0,6.49809286462,10.929221416,8.23071698953,0.0,0.0,9.19710854837,7.77303368002,KIRC
sample_44,1.61206935829,11.1296887179,0.0,5.28735408503,11.1045266825,8.31882747946,0.0,0.0,9.8542138807,8.5717526435,KIRC
sample_45,0.0,9.47131144683,0.0,7.29839255077,9.58180879639,9.35155766245,0.0,0.0,9.39333897001,8.72598308479,BRCA
sample_46,0.0,8.6594750729,0.0,7.28037177035,10.4086906348,8.95462091216,0.0,1.64887955441,7.78640033023,7.47901223874,PRAD
sample_47,0.0,8.56602739184,0.0,6.87343180803,11.0621068673,11.9110998238,0.0,0.0,8.14947277817,6.06180859307,COAD
sample_48,0.0,9.17456371533,0.0,9.86318736735,9.58193304396,9.38304974791,0.0,0.434774991459,8.33783149007,7.02725359615,BRCA
sample_49,0.633198686374,9.55663250049,0.0,7.77598551373,10.410218127,9.51211822194,0.0,0.0,7.95642262479,7.38232140711,LUAD
sample_50,0.0,9.13442375315,0.0,8.51545542662,10.685099172,8.14784089367,0.0,0.0,10.0021821158,8.74378758839,BRCA
sample_51,0.0,9.1891994203,0.0,8.77952895279,10.0493721092,9.77931718273,0.0,0.0,7.92446217709,6.52170250433,LUAD
sample_52,0.0,8.13071469641,0.0,6.61376884124,11.1871912149,9.05685715063,0.0,0.0,8.5328701773,11.1421006737,BRCA
sample_53,0.533563348215,9.86871454148,0.0,9.15083634937,10.7386496336,8.98446688013,0.0,0.0,9.73267622307,6.99089814957,PRAD
sample_54,0.0,9.92484070416,0.0,8.62231177408,11.4024045573,11.157403783,0.0,0.0,7.67852267688,6.84034992876,COAD
sample_55,0.0,7.69538142832,0.0,10.6225003034,9.86939026314,10.6438111049,0.0,0.0,7.40467325604,10.5524865879,BRCA
sample_56,0.0,9.47892328308,0.0,7.84508227516,10.1441738646,7.96659773529,0.0,0.0,9.55150255959,7.48160571415,BRCA
sample_57,0.0,9.22158228811,0.0,9.54781610157,11.0613306859,9.72510206628,0.0,0.0,8.61448164471,7.07981541911,COAD
sample_58,0.702480242783,9.74674607425,0.0,6.49306605311,11.042144987,8.19706430501,0.0,0.0,8.73361872008,7.67856492952,KIRC
sample_59,0.0,10.0527718069,0.0,9.12166560725,10.0397278785,8.35687888316,0.0,0.0,8.64516484181,8.82206727358,BRCA
sample_60,0.0,9.42198064156,0.0,9.15981080285,10.0571523877,8.55025810991,0.0,0.0,9.41864746546,8.56140633487,LUAD
sample_61,0.0,10.2319771373,0.0,7.77699881327,10.5043025832,8.06842360544,0.0,0.0,8.62892666204,9.3702929,KIRC
sample_62,0.0,9.70565312055,0.0,8.06502292482,9.98715029764,7.66291755487,0.0,0.0,10.4012208622,9.48354978103,BRCA
sample_63,0.0,11.1731274335,0.0,9.56278428725,11.1549446557,8.62116908878,0.0,0.0,8.54978081819,7.44729816762,LUAD
sample_64,0.0,9.30024501204,0.0,8.8313230801,9.55876316919,7.93511199753,0.0,1.62016409644,10.0944076331,7.37371780421,PRAD
sample_65,0.507515586479,9.09319833732,0.0,7.33287796832,11.3964067716,9.98808817379,0.0,0.0,7.27514676456,6.42910038476,COAD
sample_66,0.0,9.30914889653,0.0,7.16461534212,11.3089760419,8.2698934186,0.0,0.0,9.08354846866,8.28042745136,BRCA
sample_67,0.0,9.37257779811,0.0,9.04624002478,10.2697695523,8.04006501028,0.0,0.0,10.1653592688,6.49341677125,PRAD
sample_68,0.460375619207,9.94318731289,0.0,6.50540825735,10.3913617502,7.15382559851,0.0,0.0,9.45249659854,8.63795795341,KIRC
sample_69,0.0,8.64126422519,0.0,6.72631354098,11.9509057756,9.66889561834,0.0,0.0,7.42530823283,9.3356516241,BRCA
sample_70,2.40097504367,10.0236989173,0.0,6.81150956354,10.9499434053,7.83822696083,0.0,0.0,9.58475397113,9.24802479716,KIRC
sample_71,0.0,8.83843498593,0.0,9.42234654789,11.2347396073,9.0053494566,0.0,0.0,8.69238186207,8.90559760206,BRCA
sample_72,0.0,8.65029425693,0.0,7.55412066722,11.6711606616,9.3300317238,0.0,0.0,7.71058605295,8.04639283415,BRCA
sample_73,1.10540989404,10.749240939,0.0,7.79701946476,11.2295939308,7.57158580447,0.0,0.0,9.13919319215,6.60657843675,LUAD
sample_74,0.0,9.85320973305,0.0,5.62656470995,9.91691249225,6.2551796789,0.0,0.0,9.02646534625,11.7642039826,BRCA
sample_75,0.0,8.43875859121,0.0,9.15638650346,11.9093568475,9.22333324759,0.0,0.0,8.37906206592,8.30400443988,LUAD
sample_76,0.0,8.95813797162,0.0,8.88677265539,10.2788211192,7.62647564168,0.0,0.0,9.34608595832,8.70756620263,BRCA
sample_77,0.0,8.46907602334,0.0,10.4503555461,11.4115162842,10.0784844174,0.0,0.0,6.40093236259,8.46075894307,KIRC
sample_78,0.0,9.36103577416,0.0,9.50284970093,10.0400567885,8.05047993061,0.0,0.0,10.198960636,7.05138297845,PRAD
sample_79,0.0,9.67252611494,0.0,9.22410058468,11.1415004872,8.56621390581,0.0,0.0,7.4553272203,6.02167293256,COAD
sample_80,0.367371065649,8.43998875126,0.0,9.71281413524,8.99022028266,8.02316662294,0.0,0.0,10.0982031954,8.66075181636,BRCA
sample_81,0.690640578616,9.83987457982,0.0,9.69351309304,9.98240896519,7.99045005567,0.0,0.0,8.91760778495,6.9082124603,PRAD
sample_82,0.0,9.53523260066,0.0,9.03295487568,10.1547295198,8.46851815316,0.0,0.0,9.65133517802,8.10928741977,BRCA
sample_83,0.0,9.79020674561,0.0,9.21584358862,9.31353156855,8.73930807086,0.0,0.0,9.9321423939,7.96492995629,BRCA
sample_84,0.0,10.2393598503,0.0,8.22885235299,10.4984403684,8.65204185835,0.0,0.0,7.8266819463,6.80291696837,PRAD
sample_85,0.0,10.0801113267,0.0,7.82079165851,10.5970096598,8.32627217535,0.0,0.865839652159,8.7977101552,6.94260833611,PRAD
sample_86,1.09004041547,8.98710196629,0.0,8.5347386409,9.43736716362,7.68294543995,0.0,0.0,9.98568542313,10.2813852923,BRCA
sample_87,0.0,9.39013670483,0.0,9.61987331711,10.349579801,8.59645813956,0.0,0.0,8.35847538576,8.93238603415,BRCA
sample_88,0.626766188378,10.1289738349,0.0,5.49427479034,10.9204645148,8.96420222377,0.0,0.0,8.98134179859,8.5225933003,KIRC
sample_89,0.0,10.1036025439,0.0,5.95389145068,11.1741392243,9.14612822697,0.0,0.0,8.07329540464,10.298268816,BRCA
sample_90,0.0,9.54771586783,0.0,9.46357954611,10.103720552,9.2067628641,0.0,0.0,9.1026528829,7.25193680574,PRAD
sample_91,0.0,9.37316966944,0.554146766747,9.39941679258,10.4715431306,8.69085355371,0.0,0.0,8.86707174292,6.68767661451,PRAD
sample_92,0.0,9.25868615533,0.0,8.35640795139,11.2090268302,8.07974609863,0.0,0.0,9.61803671702,9.13218352306,BRCA
sample_93,0.0,9.2329868611,0.0,9.38418151235,11.3104764576,9.28416939025,0.0,0.0,6.86879786673,7.74618510054,BRCA
sample_94,0.0,9.25895227114,0.0,9.39074935756,10.2415899587,7.73542063269,0.0,0.0,9.48253975788,8.60276195255,BRCA
sample_95,0.0,9.9766786753,0.0,9.30492851239,10.34397404,8.54616135371,0.0,0.0,10.1041138427,6.89837767298,PRAD
sample_96,0.0,9.46351006886,0.0,9.18223542472,10.269325416,10.382602413,0.0,0.0,7.86855713619,6.67577359795,COAD
sample_97,0.0,10.3585413189,0.0,8.18821792527,9.89354575194,8.15912457408,0.0,0.0,9.6623568408,8.62882826379,BRCA
sample_98,0.619084287543,10.028472461,0.0,8.97789522765,9.32630139169,7.12815933832,0.0,0.0,9.98564273459,8.13310624093,PRAD
sample_99,0.534460081927,8.90666215081,0.0,7.07768095449,10.8952647477,10.6608516258,0.0,0.0,7.52675743399,8.07232557601,BRCA
sample_100,0.0,9.07592566068,0.0,9.58032075941,11.1311302868,9.03870778083,0.0,0.0,9.71641994322,8.22978016673,BRCA
sample_101,0.561008354138,9.88421479161,0.0,6.30297699798,10.5826124513,7.99305725804,0.0,0.0,10.1903679375,8.92153749301,KIRC
sample_102,0.0,9.47847842249,0.0,7.34667328508,9.96149021084,9.99853401828,0.0,0.0,9.39304073582,9.00329021114,BRCA
sample_103,1.64970742076,10.7689369108,0.0,6.48380610553,10.3885124539,8.18940453515,0.0,0.0,9.17428156759,9.22154120562,KIRC
sample_104,0.0,9.17917263012,0.0,5.67242534197,10.7477901808,8.1811969909,0.0,0.0,8.08903197927,5.95677921332,LUAD
sample_105,0.355354620561,10.2011559873,0.0,6.83764054684,11.0437313657,7.8216655765,0.0,0.0,10.4687054913,9.1351859738,KIRC
sample_106,1.67635768673,8.68668960589,0.0,9.26061849987,11.8814810898,9.17093403409,0.792522224141,0.0,8.46701449462,7.79970254856,LUAD
sample_107,1.07854152365,9.73213180312,0.0,8.68594365149,12.0142471817,9.53874766201,0.0,0.0,7.43747744526,6.66711154208,COAD
sample_108,1.53421104513,11.1280201062,0.0,9.26170004744,10.1767341574,8.60900508706,0.0,0.0,8.539348831,9.4950695234,LUAD
sample_109,0.0,9.3998674876,0.0,6.69536750746,10.8596434891,8.23439593498,2.23223095383,0.548239319575,7.89864975353,8.33851355532,LUAD
sample_110,0.612682759077,9.91441652725,0.0,8.75207618487,10.6838017055,9.50128985194,0.0,0.0,7.22060082176,6.18898834398,PRAD
sample_111,0.0,9.28373892431,0.0,8.08189881055,10.2488526297,8.2109002089,0.0,0.0,10.056542887,8.66273245432,BRCA
sample_112,6.75167794569,9.60329994004,0.0,7.784117869,10.4474862151,8.12206180443,0.0,0.0,8.46762185163,7.44084425755,LUAD
sample_113,0.0,9.73034106158,0.0,9.49451961638,10.589763487,8.20011882421,0.0,0.0,9.22463361955,6.84582873089,PRAD
sample_114,0.0,9.861051226,0.0,9.7115585738,10.5441047399,8.11578237063,0.0,0.0,9.77686561159,8.58336864484,BRCA
sample_115,1.08181681059,10.4634630676,0.0,6.87547291716,10.2345779598,7.40894108462,0.0,0.0,10.3716024216,8.15299460549,KIRC
sample_116,0.731878348808,10.9553883681,0.0,8.31216142737,10.0715696221,7.26268683977,0.0,0.0,10.7221927609,9.83165085252,KIRC
sample_117,1.91464105701,9.81842719527,0.0,5.31408016749,10.8627845638,8.00021413415,0.0,0.0,9.3159601427,8.3829352261,KIRC
sample_118,0.0,10.2046934014,0.0,9.06835104805,10.5727475893,7.93529472423,0.0,0.0,9.84699155394,9.84600901418,BRCA
sample_119,0.0,9.26227340895,0.0,7.34575118591,9.52573024894,9.27916017634,0.0,0.0,9.23122118071,8.52826655799,BRCA
sample_120,0.0,10.3028787819,0.0,8.6430191839,11.78729859,8.59691651242,0.0,0.0,9.59959303413,8.64501709208,LUAD
sample_121,0.0,10.3244168502,0.0,6.88703779142,10.2775780024,7.77449058495,0.0,0.0,9.916685629,8.81156736112,KIRC
sample_122,0.0,9.47189261825,0.0,6.56563373016,11.1216824414,9.07894333826,0.0,0.0,7.91055878941,6.85725946721,LUAD
sample_123,0.575312330687,9.3663112847,0.0,8.38233005427,10.3011074609,9.41115715597,0.0,0.0,9.0819227707,7.60024001427,BRCA
sample_124,0.5135918065,9.13782624968,0.0,9.66341756358,10.1111095815,7.74730682992,0.0,0.0,9.44271546568,7.46559905383,PRAD
sample_125,0.0,9.41963369167,0.0,8.17094154285,10.884033113,8.99441284073,0.0,4.36135429705,8.48954694955,7.66593277097,PRAD
sample_126,0.0,9.67767384107,0.0,8.80383083193,10.8311805471,8.7861519852,0.0,1.23321317252,8.30559667012,7.02005765234,PRAD
sample_127,0.0,9.99777224752,0.0,6.85096190215,9.8849977324,7.51054265421,0.0,0.0,9.50917920065,8.79941762676,BRCA
sample_128,1.35512905848,10.1088249869,0.0,4.739356682,11.3084869329,8.23085145774,0.0,0.0,9.57991175131,8.51423274681,KIRC
sample_129,0.0,9.08884917772,0.0,10.0911576639,11.1152192606,9.67455069007,0.0,0.0,8.98729528197,7.219623527,LUAD
sample_130,1.40310408035,8.69975635699,0.0,8.15920532382,11.2208982331,11.2270442871,0.0,0.0,7.60791467184,6.45142873627,COAD
sample_131,0.0,7.44985021484,0.0,8.90998006276,10.5950336459,9.77676035713,0.0,0.0,7.26600877467,12.0833629763,BRCA
sample_132,0.0,9.18033188695,0.0,9.59167941694,10.7913989762,11.7517239663,0.0,0.0,7.3031597078,4.93341684144,COAD
sample_133,0.0,9.67470074178,0.0,4.29452517867,10.8869768449,9.21762333181,0.0,0.0,8.70838728984,8.52646011467,BRCA
sample_134,0.0,8.21995259124,0.0,9.2076439887,9.50271049725,9.47259337028,0.0,0.0,8.22486510277,7.46920222682,BRCA
sample_135,1.01941726095,10.605544336,0.0,5.68165727727,10.2209224101,7.46703487987,0.0,0.0,9.6131061631,8.60260979557,KIRC
sample_136,1.907275263,10.0005352758,0.0,7.55512592538,10.7911466052,7.95872089922,0.0,0.0,8.33173656196,8.38316426064,LUAD
sample_137,1.56671775359,9.89353968483,0.0,8.82873629208,10.1924777635,9.4677135444,0.0,0.0,8.26266805003,7.69925316855,BRCA
sample_138,0.0,10.0544957896,0.0,4.48188659606,11.0486230994,8.09820582774,0.0,0.0,8.68577549582,8.50567263574,KIRC
sample_139,0.0,9.94960642402,0.0,8.03473844788,10.628090063,9.15310357392,0.0,0.0,8.41968214267,6.18366316828,COAD
sample_140,0.0,9.88746586801,0.0,8.07503517501,10.269348795,8.9020554852,0.0,0.0,9.00058879246,9.11523877155,BRCA
sample_141,0.0,9.56027741837,0.0,8.31171653223,10.1050704024,8.67092175138,0.0,0.0,8.9776176578,6.7014242989,PRAD
sample_142,0.0,9.13079962555,0.0,8.18148027426,10.6022534628,8.25615206488,0.0,0.0,9.81742180331,8.54476742484,BRCA
sample_143,0.0,9.36325213005,0.0,9.40698302166,10.7228331409,9.18243904894,0.0,0.0,8.70995916113,8.93019622546,KIRC
sample_144,0.80801428909,9.75625607729,0.0,8.77471459365,10.594856418,8.01218314353,0.0,0.0,9.45895815665,9.00404064502,LUAD
sample_145,0.0,8.79028658417,0.0,9.65403090049,11.1785839383,10.6533108614,0.0,0.0,7.4532788662,5.33630838484,COAD
sample_146,0.0,9.38504269978,0.0,8.23925004469,10.6915079935,8.23058731188,0.0,0.0,7.24724396968,6.92285195658,PRAD
sample_147,0.0,9.52341297442,0.0,8.95881078252,11.14132166,9.31078089696,0.0,0.0,9.2614320873,9.26776752078,BRCA
sample_148,0.913032999952,9.72833040752,0.0,5.57891154912,11.5737607811,10.5406317797,0.0,0.0,8.27224719264,6.71084775134,LUAD
sample_149,0.0,9.08645472419,0.0,7.27267643564,11.6840604152,10.1471540353,0.0,0.0,8.13595548505,7.43367723661,LUAD
sample_150,0.443924857934,8.77475412098,0.0,7.17374708346,10.9616594994,8.38304326579,0.0,0.0,8.58883454291,8.370661255,LUAD
sample_151,0.0,9.0646161361,0.0,8.1208081023,10.8880125854,8.91398441094,0.0,0.0,9.21556940034,7.08348996468,LUAD
sample_152,0.0,9.14470922055,0.0,8.99856222429,9.99496150367,8.75024471388,0.0,0.0,8.71234471756,8.40681299929,BRCA
sample_153,0.0,8.68896361104,0.0,7.96558229322,9.89378538212,9.14842065283,0.0,0.0,9.26494921391,9.70621625833,BRCA
sample_154,0.0,9.62389246104,0.0,9.44926009391,10.5104180378,7.53107729274,0.609754962172,0.0,8.7873181822,9.23172519575,LUAD
sample_155,0.0,9.51403149696,0.0,9.00597255038,10.2984292109,9.4042496105,0.0,0.0,8.52041046175,9.48080635434,BRCA
sample_156,0.0,10.4998159967,0.0,8.1610613215,8.34321237008,7.22090065078,0.0,0.0,10.1584329693,8.01525334997,BRCA
sample_157,0.947703556053,8.59182151348,0.0,9.32960575986,10.7620497736,8.74298977628,0.0,0.0,8.92706384388,7.39388807459,PRAD
sample_158,0.0,10.0252780101,0.623679608294,10.2006166575,10.4180950529,8.95359118235,0.0,0.623679608294,8.40061904474,6.78460867398,PRAD
sample_159,1.7535617511,9.21196127896,0.0,8.92709348237,12.5892508625,9.53824520285,0.0,0.0,8.79311555527,7.51698428978,LUAD
sample_160,0.0,10.1492390388,0.0,8.14208152265,10.4698859763,8.68549519282,0.0,0.0,7.69114328901,6.10409758879,PRAD
sample_161,0.0,10.3186444839,0.0,9.23289575114,11.6855547618,8.79627976754,0.0,0.0,8.9911051333,8.14833929718,LUAD
sample_162,0.73604197375,10.2881278159,0.0,7.2233453158,10.0957530371,6.84952395223,0.0,0.0,9.83744817636,8.82638959142,KIRC
sample_163,1.16504364948,9.24816952422,0.0,7.74609102371,11.2637445423,8.66172110129,0.0,0.0,8.81082544962,8.61140479224,BRCA
sample_164,0.0,9.48369890617,0.0,10.1154598772,10.0395085635,8.1462020688,0.0,0.0,9.56853379806,0.0,PRAD
sample_165,1.55099913876,9.78087108178,0.0,8.49671399393,10.0589252477,8.92756465259,0.0,0.0,9.24743387543,9.00070145262,LUAD
sample_166,0.0,8.72626925743,0.0,10.6668985824,10.41677642,9.51791539292,0.0,0.0,8.10520662775,7.00217367528,COAD
sample_167,1.83155300363,9.48569046526,0.0,5.07165971403,11.4142042573,9.1555671036,0.0,0.0,8.71006940361,8.09567656732,KIRC
sample_168,8.02433630307,9.99648761196,0.0,7.05662687793,11.574423232,8.46665566698,0.0,0.0,8.88840231865,7.10871262212,LUAD
sample_169,0.0,10.1987151378,0.0,8.61913418783,9.52216562991,7.19025927818,0.0,0.0,10.1770706576,8.07624909445,BRCA
sample_170,1.15445359268,10.2861534269,0.0,4.90761656942,10.8464384679,8.00855187619,0.0,0.0,9.4783671859,8.53783185237,KIRC
sample_171,4.09132747769,8.04353042976,0.0,7.25786866091,11.1350102112,9.43485128607,0.0,0.0,9.41318786108,7.8129730557,LUAD
sample_172,0.0,9.29311294221,0.0,9.2273199139,9.37278236934,8.75398887753,0.0,0.0,9.89500718037,8.02137978356,BRCA
sample_173,0.773405627283,8.77568928528,0.0,7.38958401938,10.8883627412,10.1918735088,0.0,0.0,7.80780569383,7.00356850744,LUAD
sample_174,0.0,10.1032878084,0.0,9.41769853483,10.0790847205,8.43124268124,0.0,0.0,9.01641274564,9.19123691795,BRCA
sample_175,0.0,9.36081417061,0.0,6.83560832388,11.2019462316,9.85486994125,0.0,0.0,5.54262641628,9.66576226651,BRCA
sample_176,0.0,9.66299230028,0.0,7.59920619478,10.8918672253,8.72034687669,0.0,0.0,9.00854907507,8.55068522908,BRCA
sample_177,0.0,9.14956677135,0.0,8.4710207733,10.566767596,9.36326527334,0.0,0.0,8.1963463897,7.7941883965,PRAD
sample_178,0.48542682717,10.1290253698,0.0,7.84674402324,9.95041008927,8.84397128572,0.0,0.0,9.36150519795,8.50064273606,BRCA
sample_179,1.67924361889,9.72402605106,0.0,6.30731558252,10.765775065,7.61549722293,0.0,0.0,9.67141191717,8.11741973257,KIRC
sample_180,0.0,8.86485780121,0.0,8.55189663588,10.8771000459,10.0137553473,0.0,0.0,7.2529492134,5.40348588279,COAD
sample_181,0.86876577165,9.6149821639,0.0,6.34952805288,11.1562664045,7.84983667198,0.0,0.0,8.88227621585,7.98748004481,KIRC
sample_182,0.0,10.6981229576,0.0,8.81077726036,10.1533240197,8.14850200389,0.0,0.0,10.1285486013,8.88239238989,BRCA
sample_183,0.0,9.43328289203,0.518031492602,8.56445057589,10.644523282,8.09599296748,0.0,0.0,9.30613917808,7.46268221483,PRAD
sample_184,0.0,9.08860540627,0.0,8.92275385926,10.5732968844,9.11391402923,0.0,0.0,9.36579531576,6.70942850137,PRAD
sample_185,0.561888195288,9.37679610282,0.0,7.55568580364,10.9740416781,7.75141685531,0.0,0.0,9.12202814484,7.54835955559,PRAD
sample_186,0.0,8.85560979406,0.0,8.42769834947,10.7574400153,8.84300082392,0.0,0.0,8.05247567189,6.94878771299,LUAD
sample_187,0.0,9.44924151975,0.0,9.46912080649,11.6216718719,8.51657858971,0.0,0.0,8.70453310154,8.56483160721,LUAD
sample_188,0.0,8.5076955506,0.0,12.481257058,10.6217497007,10.1106790489,0.0,0.0,9.34060009833,8.28339862646,BRCA
sample_189,1.73109632961,10.2343983302,0.0,8.74873962804,11.7065737195,9.02934520972,0.0,0.0,8.62946226812,6.78609969659,LUAD
sample_190,0.0,9.51084327171,0.0,10.466413,11.4153931981,9.07320166514,0.0,0.0,8.95624545928,6.86810643001,LUAD
sample_191,0.0,10.9576824862,0.0,5.53295898408,10.2368393784,7.41124827072,0.0,0.0,9.56594935333,9.20528986747,KIRC
sample_192,0.0,9.07207095494,0.0,8.08780756175,11.5012898519,10.2377596818,0.0,0.0,7.40913632043,6.89117612475,LUAD
sample_193,0.0,9.78354832597,0.0,8.25653894885,10.4191490921,7.94051328462,0.0,0.0,9.61900759918,7.02882328105,PRAD
sample_194,0.0,8.5357924765,0.0,8.12396100347,12.1908185396,10.3343962053,0.0,0.0,7.30578816681,7.01281446492,LUAD
sample_195,0.0,9.65245602017,0.0,7.51486393675,10.7344386661,7.62160502745,0.0,0.0,9.97462968734,8.62710338279,BRCA
sample_196,0.0,8.82864110113,0.0,7.99636049791,11.8152992296,11.8331668205,0.0,0.0,5.9290879386,7.58974850876,BRCA
sample_197,0.0,9.23610271276,0.0,10.7338288333,9.95180340902,8.95325941793,0.0,0.0,10.6160893136,9.35736725745,BRCA
sample_198,0.0,9.80764472008,0.0,9.54135995578,10.0522555689,9.52070117403,0.0,0.0,7.97623187151,9.76002129773,LUAD
sample_199,0.0,8.96044220554,0.0,9.82285599593,10.8214471466,9.95812781905,0.0,0.0,7.72036055859,7.96996204545,LUAD
sample_200,0.0,9.77629813333,0.0,7.24834507526,10.9170363565,7.84933003194,0.0,0.0,8.7878797111,8.91121220156,BRCA
sample_201,0.410992287221,10.2965147653,0.0,2.79333408946,9.90200572521,7.40250049005,0.0,0.0,10.7856077641,9.24652685006,KIRC
sample_202,0.0,9.07790522172,0.0,3.67617712415,10.3463585963,6.98381447978,0.0,0.0,9.67820750362,9.38015149641,KIRC
sample_203,0.518031492602,10.2731195417,0.0,6.65527453931,11.808960154,7.966499684,0.0,0.0,9.44495274862,9.74792106051,KIRC
sample_204,1.8224854298,9.89338648201,0.0,5.60188070384,10.6551192325,8.37827751312,0.0,0.0,9.09889533554,8.72367459492,KIRC
sample_205,0.0,8.35833471822,0.0,9.72147861547,9.78784707005,8.15664942206,0.0,0.0,10.6441446999,7.60227573613,PRAD
sample_206,1.16703672212,8.26688958666,0.0,7.92262602546,10.9220491461,9.88639467612,0.0,0.0,6.27797916986,8.64902619036,BRCA
sample_207,0.0,9.99378756313,0.0,10.0500254729,10.3762230854,7.96279770213,0.0,0.0,9.55106414338,6.86888427303,PRAD
sample_208,0.0,9.300100839,0.0,9.43915975526,10.7356237148,9.12569759014,0.0,0.0,8.94108576461,7.96398267681,BRCA
sample_209,1.10480629803,9.48419856455,0.0,9.41899946543,11.8808959336,9.43603271206,0.0,0.0,8.1295715271,8.63038362819,LUAD
sample_210,1.08140780614,10.2927242427,0.0,8.49558724423,11.2464852842,8.55548641986,0.0,0.0,8.64585293998,8.55030044268,LUAD
sample_211,0.0,9.57414693228,0.0,8.87670724698,10.5984619813,8.5242321831,0.0,0.0,7.53191165099,8.81953726729,BRCA
sample_212,0.0,9.13764952776,0.0,10.0320457269,10.7697056318,8.47252838731,0.0,0.0,10.1514859411,6.84658106847,PRAD
sample_213,0.0,7.99965055498,0.0,10.111983298,10.3502320214,9.38241003796,0.0,0.0,7.66644416346,8.38328092463,BRCA
sample_214,0.0,9.25510176526,0.0,8.88836578563,10.4806286587,8.21092455411,0.0,0.0,9.52637794984,7.56866299383,PRAD
sample_215,0.0,8.94707582136,0.0,9.45676098218,10.4865233256,8.39959409699,0.0,0.0,9.15668986682,8.26517431846,BRCA
sample_216,0.0,9.14940164412,0.0,8.77407541807,9.86135525334,10.4841683482,0.0,0.0,9.49906255409,7.43962313756,BRCA
sample_217,0.0,9.41242800481,0.0,8.67659182018,9.63463864235,8.20941437334,0.0,0.0,9.00964669479,8.33347740442,BRCA
sample_218,0.0,9.66166766504,0.0,8.08081752761,10.7219877792,9.5887240037,0.0,0.0,9.32258617439,8.34434917567,LUAD
sample_219,0.0,9.80481347719,0.0,7.60696774482,10.1094389192,9.9117260312,0.0,0.0,8.49416356479,8.46506025044,BRCA
sample_220,0.0,10.5329889746,0.0,6.24696096372,10.1123222097,6.74667554464,0.0,0.0,10.2946092624,8.43637008472,KIRC
sample_221,1.20088095429,9.1976713039,0.0,9.42729188981,10.9855146614,9.61668851195,0.0,0.0,9.06868424452,7.77322494148,LUAD
sample_222,0.306845500314,10.0338772138,0.0,6.53450832783,10.2072706138,7.12936545431,0.0,0.0,10.4519116793,8.60234626623,KIRC
sample_223,0.825541427102,10.4809820092,0.0,4.88613064153,10.6300668632,6.98182982566,0.0,0.0,9.79106844267,9.54336828093,KIRC
sample_224,0.742006210867,8.89109408206,0.0,9.32542014647,11.6186516237,8.11857775845,0.0,0.0,9.31327306535,8.61615181829,LUAD
sample_225,0.270827915554,9.63340941282,0.0,7.61549722293,9.97302285095,7.73868678424,0.0,0.0,9.87174202066,9.5630913798,BRCA
sample_226,1.24622564852,10.3109194638,0.0,5.70675431592,10.8060017611,7.44195648755,0.0,0.0,9.88775067423,8.88439339446,KIRC
sample_227,0.0,9.19487256082,0.0,9.78764631139,11.0384320661,8.58315800387,0.0,0.0,9.79930428995,6.20892102993,PRAD
sample_228,0.0,9.5082681945,0.0,7.73301532169,11.1297273501,9.06371864015,0.0,0.0,9.31029694455,10.0654834544,BRCA
sample_229,1.19036201088,9.18906348476,0.0,8.27002428462,10.9558387676,9.04064041907,0.0,0.0,8.61007991012,9.01944895367,LUAD
sample_230,0.0,9.04136620279,0.0,6.10970948892,11.3641510741,11.1609050659,0.0,0.0,6.47338105597,7.42944021918,LUAD
sample_231,0.0,8.98160438338,0.0,9.45300512076,9.88057839652,7.86926069721,0.0,0.0,10.5197541795,7.40600086611,PRAD
sample_232,0.0,8.90853973514,0.0,9.55798056675,11.3553400834,9.73198760767,0.0,0.0,7.63563832104,6.68585607286,COAD
sample_233,0.0,8.95982230825,0.0,8.71661028539,11.0390286958,9.62300719698,0.0,0.0,7.28946563096,8.99620794627,BRCA
sample_234,0.0,10.3275414168,0.0,4.64263804103,10.4841985645,7.97318074451,0.0,0.0,9.72399705064,8.84985855982,KIRC
sample_235,0.0,9.72218934477,0.0,8.38514195151,10.3554942575,7.6115634013,0.0,0.0,9.35659062075,7.71444473323,PRAD
sample_236,0.619741658769,10.5925785026,0.0,7.20959957731,10.5611542677,8.1656557273,0.0,0.0,9.75719997116,8.74540205999,KIRC
sample_237,0.512783120917,9.94506335953,0.0,7.97720549684,11.4976622588,9.61370107713,0.0,0.0,8.18614891334,5.08182533028,COAD
sample_238,0.46383167954,9.18858142823,0.814345334963,9.56377780997,10.3675239595,9.24350010044,0.0,0.0,8.70001655802,9.4439961133,BRCA
sample_239,0.849198651765,10.1339513335,0.0,8.05253544716,10.8468771938,8.24254534572,0.0,0.0,9.4282575681,8.68240474836,KIRC
sample_240,0.0,9.96868119128,0.0,8.4894586411,10.771415187,8.08313357096,0.0,0.0,9.48842663732,7.95053840089,KIRC
sample_241,0.0,9.84402779735,0.0,7.76483842495,10.5772966379,7.20430703353,0.0,0.0,9.77958148009,8.30490798387,LUAD
sample_242,0.0,10.2582480171,0.0,8.76670116041,9.9695879809,8.11280958162,0.0,0.0,8.55210035995,7.23592805828,PRAD
sample_243,0.0,9.31463535481,0.0,8.87794972122,10.9198614514,8.10456730483,0.0,0.0,8.98540650179,7.99316484557,PRAD
sample_244,0.373286274273,9.81377477922,0.0,9.2754820303,12.0561397978,8.94766031307,0.0,0.0,8.92813044614,8.68479770277,LUAD
sample_245,0.623960479519,9.55785806731,0.0,7.03794223394,10.8924593337,9.44090030458,0.0,0.0,8.49957087204,6.41642767746,LUAD
sample_246,1.93368593447,10.2557367569,0.0,6.3501471389,10.4585296523,7.46605606259,0.0,0.0,9.52018649478,8.32599346666,KIRC
sample_247,0.0,9.82179470562,0.0,7.00073243262,10.6332949704,10.0456504656,0.0,2.87528859822,8.68957872551,8.75672309844,BRCA
sample_248,0.0,9.34632756696,0.0,4.16757470111,11.3191583939,8.89506930375,0.0,0.0,9.00884876333,10.1411364227,BRCA
sample_249,0.0,9.085671621,0.0,10.2927702481,11.4657245416,9.59857922038,0.0,0.0,7.73599595766,7.33837984245,COAD
sample_250,0.0,8.30085129651,0.0,10.0228255186,11.4337262613,8.5011246161,0.0,0.0,8.99648478733,9.09763713063,BRCA
sample_251,0.0,9.80784915366,1.06571016407,8.92103161103,10.2756123904,8.45220416856,0.0,0.0,9.82881085394,7.19369290545,PRAD
sample_252,1.69305199256,9.28567038725,0.0,8.13017927041,10.5216102539,9.0460135097,0.0,0.0,8.56393221176,6.80158550234,COAD
sample_253,0.682842934773,8.72421709809,0.0,9.03176184496,11.4768828738,9.34104284996,0.0,0.0,9.19859728379,8.17257752113,BRCA
sample_254,0.0,9.83033297698,0.0,9.43787064513,10.410006072,8.60364117982,0.0,0.0,10.0010281173,6.89412655895,PRAD
sample_255,2.44948213976,10.17005023,0.0,8.60954075191,10.3119753145,7.45508058469,0.0,0.0,10.1367220231,8.23088987493,KIRC
sample_256,0.0,9.33621642955,0.0,7.61229351574,10.4753990598,8.60003554041,0.0,0.0,7.33981438035,6.6727930409,PRAD
sample_257,0.558169654835,9.21519807119,0.0,9.26368469305,10.2165639944,8.45500247462,0.0,0.305912170157,10.3132118341,6.8257347558,PRAD
sample_258,0.0,9.77502254882,0.0,9.42246849604,10.1576374664,8.16005292333,0.0,0.0,8.83495450094,7.17502551953,PRAD
sample_259,0.0,9.75281548039,0.0,7.92651542194,10.3473113164,8.83661848193,0.0,0.0,9.63513221822,8.65187329093,BRCA
sample_260,0.0,10.1141848024,0.0,8.80281682798,10.4806589493,8.32255012301,0.0,0.0,8.69896158597,7.01140618325,COAD
sample_261,1.06639922891,10.0159446403,0.0,8.94123251776,10.1335018778,10.2877008379,0.0,0.0,8.51319857658,6.69333361944,COAD
sample_262,0.0,9.15046828675,0.0,9.17439643085,10.8825972003,7.85975839455,0.0,0.0,8.98940585402,8.19793417558,LUAD
sample_263,0.0,7.98517592405,0.0,10.7844303675,11.2813852923,9.89570705008,0.0,0.0,8.23338480031,8.28156843879,COAD
sample_264,0.0,9.66839395904,0.0,8.7664361491,11.6331950529,9.92729500797,0.0,0.0,7.4519116793,6.83827108987,COAD
sample_265,0.0,9.46930603108,0.377401430786,9.59344901619,10.3012332393,8.4166497678,0.0,0.0,9.71700803659,6.53149375241,PRAD
sample_266,0.0,8.6846329197,0.0,11.5228610202,11.3315887845,9.04115535232,0.733874918575,0.0,8.67764213213,7.53406938628,LUAD
sample_267,2.06222535007,9.54986936003,0.0,6.46512230472,9.92621147677,10.3463031863,0.0,0.0,7.68187790583,9.53244359484,BRCA
sample_268,0.0,9.63636723239,0.0,8.93132552976,9.80538758726,8.22762556937,0.0,0.0,8.61911951145,7.91356562806,BRCA
sample_269,0.699107384624,10.1542864919,0.0,8.20303960772,10.2258942711,7.0133840931,0.0,0.0,9.2203275362,10.127994321,KIRC
sample_270,1.6581429174,10.169837335,0.0,7.78175312216,11.2673660785,8.16051183189,0.0,0.0,9.41158301504,7.74452441517,KIRC
sample_271,0.0,8.6996453236,0.0,6.61471278839,11.2374191184,8.88672693735,0.0,0.0,9.49311089854,7.27028598105,BRCA
sample_272,0.0,8.29654917895,0.0,7.58177302616,10.452323619,10.1891326899,0.0,0.0,7.83134525064,3.62747843723,COAD
sample_273,1.16059754588,9.73098462648,0.0,7.76298656488,10.9329381331,9.6574595856,0.0,0.0,6.62360645577,6.84131902941,PRAD
sample_274,1.84534953815,9.49265036575,1.02665843816,5.65173770539,11.3837906788,9.32075542871,0.0,0.0,7.92919330093,8.38812494514,KIRC
sample_275,0.66402765972,9.70767662811,0.0,8.47240247447,10.718875315,8.46471318718,0.0,0.0,9.02072997971,7.24592343362,PRAD
sample_276,0.0,9.82473603612,0.0,8.52902443397,9.76067837064,9.21138216772,0.0,0.0,8.93649955141,8.68868043044,BRCA
sample_277,0.0,9.52716810332,0.0,9.01742645311,9.20357313884,8.4669451826,0.0,0.0,10.017573994,10.0479282154,BRCA
sample_278,1.13724119171,9.69810385277,0.0,6.4687787909,10.2430430399,7.19579049756,0.0,0.0,10.4214757908,9.58817867788,KIRC
sample_279,0.0,10.3100560439,0.0,9.33310390445,9.91261394077,8.0725024442,0.0,0.0,9.73387966256,8.57335180237,BRCA
sample_280,0.0,8.70829761397,0.0,8.7471053859,11.498879117,8.09713670241,0.0,0.417271945344,9.67080316641,8.87629592103,BRCA
sample_281,0.0,10.0808042063,0.416515504347,8.01885112285,11.2307890276,8.75497766779,0.0,0.0,9.62599552739,10.4604251786,BRCA
sample_282,0.0,9.4361722523,0.0,8.68596116658,10.6030884792,9.2807058242,0.0,0.0,7.68245391052,6.2848675828,BRCA
sample_283,0.0,9.40013015008,0.0,8.04663293045,11.3921993402,8.97799536861,0.0,0.0,7.38118818195,6.64814327419,LUAD
sample_284,0.608998436177,9.53234813218,0.0,9.71112489328,10.0807242756,9.09530734609,0.0,0.0,8.58055254202,6.92211457699,LUAD
sample_285,0.0,9.83862092237,0.0,8.98439567173,10.4163436458,9.53357697464,0.0,0.0,9.21851964592,8.66739543936,BRCA
sample_286,0.0,9.62546045899,0.0,8.21170338418,9.98886927177,8.14371482991,0.0,0.0,9.26013389168,8.99938559669,BRCA
sample_287,0.0,9.66042025698,0.0,6.96407512171,10.4383656333,9.431583265,0.0,4.14333627142,8.60560174379,8.72428191187,BRCA
sample_288,0.622649279054,10.4801944237,0.0,6.03913400614,10.7353190809,8.02144641356,0.0,0.0,8.3434033805,6.80259390992,KIRC
sample_289,0.0,9.69618686919,0.0,9.5310499925,11.2867194638,8.3014321754,0.0,0.0,9.76525957378,8.63406682684,KIRC
sample_290,0.0,10.792904144,0.0,6.01976417491,9.92299017331,7.01827808502,0.0,0.0,10.239789444,9.46075484827,KIRC
sample_291,1.98779380317,9.9858134812,0.45501809697,6.76683364781,11.2520089751,8.29040597193,0.0,0.0,9.84749901572,9.39654056484,KIRC
sample_292,0.0,9.7042131834,0.0,8.49792766125,11.0492768023,10.2307169895,0.0,0.0,7.73315093882,8.21484364182,BRCA
sample_293,0.0,9.98588461966,0.0,9.85928473899,9.84565940086,8.6849834994,0.0,0.0,9.18812889017,7.98073367425,BRCA
sample_294,0.0,9.31441783748,0.0,7.68643049174,10.1655728256,8.71772439788,0.0,0.0,10.1446200084,10.9312915453,BRCA
sample_295,2.61166814748,10.3260698921,0.0,7.89209954293,10.1525510444,6.33470949212,0.0,0.0,9.48053374405,8.92122208154,KIRC
sample_296,0.0,8.87261024608,0.0,7.90358062535,10.0452135997,7.14585064971,0.0,0.0,9.85401591311,8.56024111029,BRCA
sample_297,0.0,9.74454796051,0.0,8.68481523178,10.3902979545,7.93762099205,0.0,0.0,9.59518660393,8.55493797233,BRCA
sample_298,0.413160775591,9.12688512102,0.0,8.59485455236,11.2841936869,8.52871195603,0.0,0.0,8.45871419133,7.99059754497,LUAD
sample_299,0.443076151363,9.07742727692,1.05554274796,8.74048912807,11.1875190994,8.82436054229,0.0,0.184724620502,9.52032598707,7.26810684546,PRAD
sample_300,0.0,8.62924367741,0.0,8.01104830541,11.4354202416,9.15579223202,0.0,0.0,9.01584709925,7.5225344541,BRCA
sample_301,0.0,9.97853886971,0.325616674822,8.60628675693,9.99760291049,7.82602088559,0.0,0.0,9.6825381846,8.54598380882,BRCA
sample_302,0.0,9.15210481113,0.0,7.7166754418,12.3940338954,10.4477134925,0.0,0.0,7.09652541773,5.56113669773,COAD
sample_303,0.0,9.10043106881,0.0,8.96121236095,11.9247271565,8.65868992107,0.0,0.0,8.14768319957,8.35510438549,LUAD
sample_304,0.0,9.45804768923,0.0,8.0698900948,10.7440601572,8.83446472929,0.0,0.0,8.70081768247,7.04003760414,PRAD
sample_305,0.0,10.0123731277,0.0,7.42270395297,9.83565253309,8.35571227562,0.0,1.26987098323,9.2887299862,8.59981244497,BRCA
sample_306,0.0,9.75005038128,0.0,10.0000140887,10.0145645177,8.23032792161,0.0,0.0,9.25953849472,7.55322992984,BRCA
sample_307,0.0,9.0956712934,0.0,10.2481054665,10.2430073259,8.21242829179,0.0,0.0,9.25267962282,8.44308444193,BRCA
sample_308,0.0,9.15718522318,0.0,7.52724240243,11.4301388882,11.4612901451,0.0,0.0,7.58638946176,6.26378749142,COAD
sample_309,0.0,9.12412906823,0.0,7.4399389003,11.9641856145,9.81606045097,0.0,0.0,8.11263237453,8.60222376438,BRCA
sample_310,0.0,9.75702324651,0.0,8.31520844657,10.1590892446,7.2819949178,0.0,0.353323291163,10.9570730132,8.08538216343,PRAD
sample_311,0.385154896884,9.48897284802,0.0,9.53194673025,10.7684076605,7.58395526828,0.0,0.0,10.666978446,8.10098815683,BRCA
sample_312,0.0,9.18683973889,0.0,8.12381619352,10.8953177705,10.3460261041,0.0,0.0,8.1622855776,6.71575612134,COAD
sample_313,0.0,9.72482077686,0.0,8.3294286115,9.94318877836,9.38596806502,0.0,0.0,9.14931780306,6.79788196578,LUAD
sample_314,0.0,9.82686463801,0.0,7.5244085069,10.5119107487,8.57047052094,0.0,0.0,8.6632698922,9.59669479739,LUAD
sample_315,0.0,8.90599765177,0.0,9.65518364751,9.89737657955,8.63295158857,0.0,0.0,10.0101224439,6.81278057574,PRAD
sample_316,0.0,10.1397943391,0.0,5.23668777082,11.2291132107,7.68346487475,0.0,0.0,9.96353047815,8.91035491221,KIRC
sample_317,0.0,9.00756554829,0.0,7.6004184405,11.6260694717,9.98730665268,0.0,0.0,6.40148541165,9.16394397088,BRCA
sample_318,1.48758924832,9.06597344722,0.0,8.11868676234,11.6769884204,8.58463936096,0.537146943618,0.0,9.04148393705,8.87405920314,KIRC
sample_319,1.78156954482,9.86343673932,0.0,6.41129234277,11.4416888837,8.68282257329,0.0,0.0,9.36294322828,8.85235784267,KIRC
sample_320,3.58760502006,9.66644238811,0.0,7.48669024211,7.82305510007,5.55741621729,0.0,0.0,8.90977310414,9.43751281683,LUAD
sample_321,0.0,9.35340710479,0.0,9.70539047809,11.5445732877,9.65007341331,0.0,0.0,8.387414242,5.97630405688,COAD
sample_322,0.739156825714,11.8433989807,0.416407408964,8.09811632547,9.58782626154,6.71259578045,0.0,0.0,9.82128928256,6.81269074296,KIRC
sample_323,0.281312490858,9.83974548453,0.0,8.94515117078,9.54273590205,8.04780010215,0.0,0.283803270928,10.4964843203,8.27373500009,BRCA
sample_324,0.0,9.55130451964,0.438399319609,8.46173317559,9.52928608219,7.90735338603,0.0,0.0,9.89373230292,8.73133939834,BRCA
sample_325,0.0,9.35438604024,0.0,6.92618923436,9.53550867771,9.02062720614,0.0,0.0,8.17784804697,11.7117228909,BRCA
sample_326,0.0,9.72489408787,0.0,8.12481922124,10.79246496,7.34261696605,0.0,0.0,9.2485490672,9.17782064613,BRCA
sample_327,0.588900487699,10.3609129091,0.0,5.89408531875,11.5002294256,8.41687351247,0.0,0.0,9.6734027196,8.57956485172,KIRC
sample_328,0.0,9.67011978547,0.0,7.36146133304,8.72280070183,8.19123691795,0.0,0.0,9.39400173029,8.29356361053,BRCA
sample_329,0.0,8.97013753462,0.0,8.78090388104,10.6179265568,8.57437781648,0.0,0.0,9.17265752141,8.11842721572,BRCA
sample_330,0.0,9.85356064047,0.0,9.89245326205,10.0090167856,8.01587775572,0.0,0.0,9.94313455501,6.37600380263,PRAD
sample_331,0.642100805115,8.75423279755,0.0,9.98737771755,11.0143064695,10.4138711782,0.0,0.0,8.96634394177,10.2635391669,BRCA
sample_332,1.77032163548,9.59360774423,0.0,7.85241714803,10.7059001682,6.93646127165,0.0,0.0,10.1071647557,8.89280689446,KIRC
sample_333,0.0,9.00051555864,0.0,9.4504813358,10.5423451197,8.59298393586,0.0,0.0,8.97711675233,9.28883147675,BRCA
sample_334,0.0,9.44333106444,0.0,7.66849501399,11.8131398509,8.54008153054,0.0,0.0,8.47976814049,8.44540392778,LUAD
sample_335,0.0,8.50581155392,0.0,9.49080676308,10.8014658688,9.17099910874,0.0,5.08492316119,9.63682216199,7.96528213941,PRAD
sample_336,0.0,10.4703538323,0.0,8.0736756567,9.62738066978,7.40056354539,0.0,0.0,9.59731514113,8.77633103672,KIRC
sample_337,0.0,8.29967052265,0.0,8.96820885922,9.91942798356,8.53962024459,0.0,0.0,9.40711902513,8.22375557479,BRCA
sample_338,0.0,8.71470573267,0.0,8.14723036907,11.1348819037,8.76575352084,0.0,1.61098347144,7.54643148881,7.29598010106,PRAD
sample_339,0.0,9.21358544286,0.0,7.24795598741,11.6766006347,11.0947770846,0.0,0.0,8.32574618001,6.54311536264,COAD
sample_340,0.0,8.61763642796,0.0,7.89939317868,11.7000408411,9.62924367741,0.0,0.0,8.35717808702,7.42794971051,BRCA
sample_341,0.0,8.60648294401,0.0,9.96444050995,11.2218891615,9.53017220937,0.0,0.0,9.25825744081,7.38518941731,BRCA
sample_342,0.0,9.00057189268,0.0,9.99429685947,10.4389061827,9.85818619147,0.0,0.0,9.08815485064,7.6750960974,BRCA
sample_343,0.0,9.81651011126,0.0,9.26794070334,10.1589252038,7.91768833369,0.0,0.0,9.30214080531,7.76286036605,LUAD
sample_344,0.483364360713,10.3202138765,0.0,8.52484334682,11.5151478821,9.79150967988,0.0,0.0,4.58990127935,7.65518722604,LUAD
sample_345,0.0,9.90981509815,0.0,8.92721499382,10.4853563814,8.26503363224,0.0,0.0,9.09064704426,8.70750753566,LUAD
sample_346,0.0,10.1384126065,0.0,9.52010397187,9.38289416889,8.62731864969,0.0,0.0,10.0630444773,11.1993349405,BRCA
sample_347,0.0,9.91320657453,0.0,8.20063382107,10.4611110526,7.66267549552,0.0,0.0,9.04253216964,8.15298953699,BRCA
sample_348,0.0,9.09490373194,0.0,8.55789252132,10.3600789052,8.55349106502,0.0,0.0,9.28347734194,6.39662532981,PRAD
sample_349,1.66925358652,9.18354110081,0.0,7.8064013978,10.9182296835,9.0777850829,0.0,0.0,9.24185924653,7.3963136442,LUAD
sample_350,0.0,9.669917896,0.0,7.71587964621,10.2079172477,7.71580416005,0.0,0.0,10.1501026695,8.89683793982,BRCA
sample_351,1.49748463132,10.7804085328,0.0,7.58023595159,10.4299924886,6.97418511708,0.0,0.0,10.2831809789,9.14908657974,KIRC
sample_352,0.0,8.79839403442,0.0,9.65118626466,9.97145733454,9.49989171783,0.0,0.0,9.03808769167,7.25224911939,BRCA
sample_353,0.0,9.09448680923,0.0,8.37550866546,11.0702417232,9.3628424375,0.0,0.0,8.16522358108,6.1802194848,COAD
sample_354,0.0,9.22515681518,0.0,8.83778874923,10.6424849781,8.8298876051,0.0,0.0,8.92456609637,7.75333710806,COAD
sample_355,0.0,9.63030171288,0.0,8.05858708378,11.2879374224,8.13588881032,0.0,0.0,9.11581877665,7.68313498513,LUAD
sample_356,0.0,9.78966405219,0.0,10.4962146567,9.7841309593,8.57751946571,0.0,0.0,9.74480357085,8.725471921,BRCA
sample_357,1.20882936257,10.1486036863,0.0,7.14958455316,10.0946847306,6.65403734698,0.0,0.0,10.0036162903,7.99490777785,KIRC
sample_358,0.0,8.75856968648,0.0,9.918326598,10.5269784277,8.04389127437,0.0,0.0,9.57362636104,8.02903317983,BRCA
sample_359,0.0,8.74812574593,0.0,10.0045997034,8.98357224735,9.1903555903,0.0,0.0,8.33565832269,8.76547838999,BRCA
sample_360,0.0,9.22677583135,0.0,9.08229543287,11.6526657451,9.30107315581,0.0,0.0,7.55085450259,6.83421820066,BRCA
sample_361,0.0,9.18151505961,0.0,9.52339533084,11.093569419,10.4837150269,0.0,0.0,8.13426201819,6.86352966195,COAD
sample_362,0.541415715819,9.76764486776,0.0,10.2532447592,11.7550419491,10.8088435432,0.0,0.0,7.68273480498,7.17889387156,LUAD
sample_363,0.0,8.61553768407,0.0,7.20661392285,10.9770151189,10.0881521999,0.0,0.0,8.07052350088,6.13893321446,COAD
sample_364,0.0,10.4636674096,0.0,10.0054842024,10.0407691696,8.44152082796,0.0,0.0,8.80943695401,9.05587891539,KIRC
sample_365,0.0,9.57872176434,0.0,9.64998003836,10.8929449849,9.21624143293,0.0,0.0,8.77120882647,7.0205799834,PRAD
sample_366,1.13730677919,9.71193707722,0.0,7.55340658528,10.7213641143,7.33295850407,0.0,0.0,9.94180324559,8.64343774754,KIRC
sample_367,0.0,9.40613058297,0.0,10.5915971441,11.0886425046,9.67788345485,0.0,0.0,8.75924573306,6.75654297962,BRCA
sample_368,0.0,10.0830404685,0.416515504347,8.43063235463,9.72687378081,8.01650189134,0.0,0.0,9.26708394879,8.91266183941,BRCA
sample_369,0.772307974958,10.313449941,0.0,6.04729189858,10.4896573275,7.77119231635,0.0,0.0,10.4190542601,9.23546380524,KIRC
sample_370,0.397693455237,9.27577765141,0.0,9.21004055947,10.7977587829,8.79723675985,0.0,0.0,8.31307348733,11.6033667107,BRCA
sample_371,0.0,9.2999474963,0.0,8.31964954338,11.6998890654,10.8064771229,0.0,0.0,8.11183467315,4.08994722824,COAD
sample_372,0.572501664642,9.46912284205,0.0,9.00809802494,10.4961047793,8.75100503984,0.0,0.0,9.75428625396,7.24327872981,PRAD
sample_373,1.44424299422,9.90642765668,0.0,8.53993036904,10.6297937342,7.50787390698,0.0,0.0,9.72075727733,7.82684716416,LUAD
sample_374,0.0,9.97879624615,0.0,9.13037235558,10.5630818437,8.39899160045,0.0,0.0,9.63275715099,6.78244788203,PRAD
sample_375,0.0,9.29452655713,0.0,8.62739526236,12.2229518402,10.9986327369,0.0,0.0,6.21228139363,8.13731907651,BRCA
sample_376,0.406536670205,10.3477099427,0.0,5.79082415741,10.5777498109,7.61142323605,0.0,0.0,9.89951100359,10.3730826448,KIRC
sample_377,0.0,8.65777575162,0.0,9.64611584371,9.98781824163,8.98097067337,0.0,0.0,9.98962156629,6.18868576387,PRAD
sample_378,0.0,9.58213633509,0.0,7.98264568929,10.0537222884,10.22585813,0.0,0.0,8.83442048366,8.5344818706,BRCA
sample_379,0.0,9.123914459,0.0,7.86083867904,11.3390204374,10.1767216929,0.0,0.0,8.01368556993,6.78906408136,COAD
sample_380,1.92520191934,10.1420687552,0.0,5.49401551748,10.8544710421,8.28800781324,0.0,0.0,9.79716703439,9.00189510976,KIRC
sample_381,1.37155886261,9.87450497992,0.0,4.63300682587,11.3102889909,9.0999631589,0.0,0.0,8.33657350466,8.56338315253,KIRC
sample_382,0.0,8.98796884159,0.0,9.08945842618,10.8389281377,10.1414941009,0.0,0.0,8.6112978135,6.27838812495,COAD
sample_383,0.0,9.30359355092,0.0,8.99622489725,12.015122302,9.02628827651,0.0,0.0,8.77384801413,6.04913845988,COAD
sample_384,0.0,9.84717482462,0.0,8.47596845764,10.8508353576,9.43417992181,0.0,0.0,8.09175271788,6.54341854993,PRAD
sample_385,0.0,9.6792478421,0.0,9.91883491964,9.78124658868,9.31442916732,0.0,0.0,9.83389417268,8.45144604589,BRCA
sample_386,0.0,9.02700195614,0.0,9.73088955317,11.3478372584,10.0678242257,0.0,0.0,6.75036532094,7.03805201471,BRCA
sample_387,0.0,9.92007590285,0.0,9.44987703279,10.8665216668,8.03385244225,0.0,0.0,8.20169756573,6.1720834211,COAD
sample_388,0.0,10.8644802263,0.0,4.12532874034,9.75670975707,7.55773938605,0.0,0.0,9.96619539417,9.78505843191,KIRC
sample_389,1.55483439589,9.84081096203,0.0,8.0009464581,11.1450214198,9.74976050903,0.0,0.0,5.77129401565,8.37394830662,BRCA
sample_390,0.962882127643,9.65026732659,0.560323662082,8.7435620913,10.9468697316,9.15685416202,0.0,0.0,9.0057704954,6.66023840174,PRAD
sample_391,1.15218341906,8.59733749089,0.0,6.89692570945,11.177164116,11.6617825505,0.0,0.0,7.41034110461,9.7495694631,BRCA
sample_392,0.0,9.23294370447,0.415650514415,9.08644410869,9.81737383388,8.01865642679,0.0,0.0,8.69368209146,8.48229974822,BRCA
sample_393,0.0,9.20667984956,0.0,9.80452149652,10.0369977743,8.78532821938,0.0,0.0,9.59720338719,8.79391863576,BRCA
sample_394,0.864968579022,9.8269647115,0.0,8.55376750957,12.0712981059,8.51071274812,0.0,0.0,8.74632620428,8.01160186015,LUAD
sample_395,0.315450299985,8.6858525696,0.0,9.97079614781,11.029811748,8.317521151,0.0,0.0,9.40295874729,9.55365617022,LUAD
sample_396,0.512783120917,11.3490710855,0.0,6.50882635304,8.05567830877,4.91038249728,0.0,0.0,11.6894214769,9.55671296024,KIRC
sample_397,0.0,10.3061072715,0.0,9.57167870586,10.5581049696,8.17343729174,0.0,0.0,8.30686372341,8.59263269151,LUAD
sample_398,0.0,8.81671489228,0.847916754604,7.75328361646,10.3371312577,9.49253821377,0.0,0.0,8.34934315997,10.1709140105,BRCA
sample_399,0.0,9.97161539952,0.0,8.14784089367,10.1793617571,7.38295251299,0.0,0.0,9.83435569298,8.78609316038,KIRC
sample_400,0.0,8.61617387813,0.0,9.63633278965,10.976191767,10.7498442931,0.0,0.0,7.50041966271,6.96760669967,COAD
sample_401,0.0,8.84905474547,0.0,7.38132663886,10.0003240064,9.01754058982,0.0,0.0,9.88915256316,7.66182796785,PRAD
sample_402,0.0,9.01340921857,0.0,9.32805553493,9.82141047268,8.88875542349,0.0,0.0,9.26012683307,8.43925743118,BRCA
sample_403,1.0048249511,9.6304691792,0.0,9.31948923252,10.5861267065,8.40896230718,0.0,0.0,8.74659493514,8.10060978085,LUAD
sample_404,0.0,9.74422333737,0.528571318871,9.5543682099,10.7403963657,8.4716020618,0.0,0.528571318871,9.94990402197,6.96456036025,PRAD
sample_405,0.0,9.59929361466,0.0,8.70296568986,11.2914815419,9.56637185286,0.0,0.0,8.1975803932,7.41564037474,BRCA
sample_406,0.0,7.69179934184,0.0,8.50500961334,11.4733658342,9.28370188898,0.0,0.0,6.13014425487,10.1071255145,BRCA
sample_407,0.0,9.8408974877,0.0,8.14120796542,9.80130903679,7.71342775876,0.0,0.0,10.3548113615,9.07050471741,BRCA
sample_408,0.652050465522,9.82494442485,0.0,8.91671846667,12.3615764756,8.93885033701,0.0,0.0,8.32126971507,6.7220561097,LUAD
sample_409,0.0,9.76159610821,0.0,8.6404763274,10.339516007,7.7932261273,0.0,1.77530343883,9.99163521648,8.41834176708,BRCA
sample_410,0.0,8.05682193483,0.0,9.36910655021,11.4530133545,11.5683599355,0.0,0.0,8.41535728002,7.53364121178,BRCA
sample_411,0.0,9.32483759971,0.0,8.94931314246,11.0665399622,8.31358598438,0.0,0.0,8.85767314589,7.67667643738,PRAD
sample_412,0.0,9.51479885805,0.0,11.0715361044,8.99535448956,9.52366584204,0.0,0.0,8.36854574768,7.47868064885,BRCA
sample_413,0.782408564927,9.56553624995,0.0,8.66662878844,10.0896490946,8.77747889505,0.0,0.0,9.7354020154,6.45550641574,PRAD
sample_414,0.0,9.38248569413,0.0,9.33275491891,11.0727958368,9.69392771365,0.0,0.0,9.08924124537,6.04601951417,COAD
sample_415,0.0,9.37747951912,0.0,9.52907715795,9.96858040168,8.34875470666,0.0,0.0,9.29326931248,8.13050363874,BRCA
sample_416,0.0,8.67293443862,0.0,7.64268713326,10.0258731841,9.16133346821,0.0,0.0,8.71922109576,7.96723202384,LUAD
sample_417,0.0,9.31329347518,0.0,8.57498323887,10.1392699483,8.79971873561,0.0,0.0,8.91948012577,7.4180634198,BRCA
sample_418,0.0,8.62074767832,0.0,6.99090949192,9.65735239495,10.1932666132,0.0,0.0,9.4533941119,9.81077886669,BRCA
sample_419,5.38965284779,10.1966144204,0.0,8.96246804835,10.8746356125,8.42259884302,0.0,0.0,7.85557242112,7.86958767457,LUAD
sample_420,0.0,9.00469519923,0.0,8.86056247636,10.1395769319,9.29168412909,0.0,0.374288339169,8.0186786791,7.48601441251,BRCA
sample_421,0.0,9.55939429951,0.0,8.99769322604,10.1621521186,8.77349530234,0.0,0.0,8.74843775145,8.41849778676,BRCA
sample_422,0.0,10.0783776707,0.0,8.05491357909,9.64393553582,7.43446143244,0.0,0.0,10.5096364673,9.45605454982,BRCA
sample_423,1.4562279042,9.86992382874,0.0,6.42649288379,10.5324630762,8.07362210613,0.0,0.0,9.19170081814,8.81811558271,KIRC
sample_424,0.0,9.48432748056,0.0,9.54438298872,11.2234949532,8.66979214354,0.0,0.0,9.02418113942,7.67318185128,LUAD
sample_425,0.401084301505,10.1496709188,0.0,8.50835337814,9.71001083834,7.27329208304,0.0,2.42110208755,10.0701746252,7.86450189313,PRAD
sample_426,2.14779511329,9.76539716663,0.0,8.29825965001,10.341352028,7.82052363598,0.0,0.0,9.77547365856,8.50316584226,BRCA
sample_427,0.0,9.71725314759,0.0,10.0783376387,10.8871063532,8.72809397584,0.0,0.172231468825,9.42233603463,7.39361354842,PRAD
sample_428,1.12167855659,9.9015623332,0.0,5.03345383744,11.3901313295,10.0353352319,0.0,0.0,8.82010874104,8.41547982037,KIRC
sample_429,0.0,9.09154910482,0.0,10.0833995448,10.5397307341,9.74373542428,0.0,0.0,7.9350648385,8.42831410623,BRCA
sample_430,1.30421896872,10.6340940613,0.0,7.69420464171,10.3670324574,6.96357816073,0.0,0.0,10.2439356016,8.55215032561,KIRC
sample_431,0.0,8.51461149391,0.0,9.39371006748,10.8768392148,10.6590593525,0.0,0.0,6.05031666887,7.0610849206,COAD
sample_432,0.0,9.57969683422,0.0,8.45839430875,10.1052275844,8.74316822826,0.0,0.0,9.71655541455,9.18548996862,BRCA
sample_433,0.300065136779,9.58841482364,0.0,9.2621817804,10.4235361534,8.73613467818,0.0,0.0,8.99504915728,6.66939533155,PRAD
sample_434,0.660289751428,9.52196352135,0.0,8.57860667394,10.610194363,7.27037943256,0.0,0.0,8.98031954619,9.42480244635,LUAD
sample_435,0.0,10.0776836245,0.0,7.28076149232,10.5608964261,7.68799847129,0.0,0.0,9.8688179258,8.77582753279,KIRC
sample_436,0.340505300674,9.01843388483,0.0,8.96870134835,10.9676945903,10.1111095815,0.0,0.0,8.24534829017,7.14002194211,BRCA
sample_437,0.602551897472,8.8943842835,0.0,9.73068410551,10.8036629569,9.73331366255,0.0,0.0,8.60083096667,8.36032476695,BRCA
sample_438,0.0,9.46556640481,0.0,9.07280253454,10.9592775057,8.72320016396,2.0,0.0,8.41362792902,9.10197567095,KIRC
sample_439,0.0,8.298979001,0.0,9.09546032064,10.5635681021,7.96359549946,0.0,0.0,8.8808201901,8.54844818471,BRCA
sample_440,0.0,10.4220121889,0.0,8.04808902221,10.7449851612,7.53593629841,0.0,0.0,9.58395150864,9.34377200352,LUAD
sample_441,0.0,9.52136880478,0.543198900193,8.50619648583,11.8913660205,9.86000680743,0.0,0.0,7.86026138624,7.54059303658,BRCA
sample_442,0.0,8.52029258873,0.0,8.94093606101,10.8092858102,8.65119882421,0.0,0.0,8.62746457508,10.5587842113,BRCA
sample_443,0.0,8.99891757276,0.0,9.46400859614,10.5625477242,8.32333854129,0.0,0.0,9.59520152581,6.59307584314,PRAD
sample_444,0.0,7.89817811462,0.0,10.2642314587,11.2518078383,11.2700324633,0.0,0.0,7.44955312119,7.36035549673,COAD
sample_445,0.0,9.48418043481,0.0,9.46003398199,10.7511841773,9.76942464155,0.0,0.0,7.54973847017,7.44250398732,BRCA
sample_446,0.0,9.43554942366,0.0,9.37904906576,11.161642091,9.49177895593,0.0,0.0,7.42184603198,7.59973435341,KIRC
sample_447,0.0,8.55988944787,0.0,9.60658657925,10.7152756463,8.61018328731,0.0,0.0,9.3869661037,8.08535560478,LUAD
sample_448,0.0,10.321127628,0.0,9.7516528429,10.2089780753,9.19371261534,0.0,0.0,9.02274231025,7.15832692762,PRAD
sample_449,0.0,8.19249502422,0.0,9.31579036607,10.7624817033,8.72392369403,0.0,0.0,7.05460974417,7.59683826395,BRCA
sample_450,0.0,9.63736752593,0.0,9.5717526435,10.6512400905,7.94798168261,0.0,0.0,8.74769956487,5.70452618514,PRAD
sample_451,0.0,9.18976279835,0.0,8.69352877414,9.89132196692,7.92154344351,0.0,0.0,9.20665787433,8.73293733606,BRCA
sample_452,0.0,9.27268576559,0.0,8.50654958046,10.0484187565,7.77012866692,0.0,0.0,9.67849274719,10.4126333536,BRCA
sample_453,0.0,9.34243474108,0.0,5.45156391068,9.89290249693,7.66546383521,0.0,0.0,8.99117317626,8.83641019472,BRCA
sample_454,0.0,9.05966081849,0.0,9.11661947668,10.684792444,8.72778094193,0.0,0.0,9.36770304302,8.6260411725,BRCA
sample_455,0.0,10.6574167103,0.0,9.14688683542,10.8063723956,8.13161520536,0.0,0.0,9.14321737744,7.817763939,KIRC
sample_456,0.0,9.80498283117,0.0,9.7360196426,10.9578275608,7.01170807364,0.0,0.0,9.44875231419,8.43458653065,LUAD
sample_457,0.44572670335,8.9281037907,0.0,8.15734188213,11.5236011592,9.17639009817,0.0,0.0,7.92570278135,8.29172326198,BRCA
sample_458,0.742954756697,9.78810817774,0.0,6.54880341719,10.0041221293,6.91689458329,0.0,0.0,9.94422888591,8.67553721463,KIRC
sample_459,0.0,9.53125278198,0.0,8.22827998378,9.98622603544,8.14478568376,0.0,0.0,9.29092428024,9.38331548993,BRCA
sample_460,0.0,9.00084226545,0.0,9.19762216369,10.3594750488,8.48528190633,0.0,0.0,10.0650256184,7.48955096344,BRCA
sample_461,3.52570558751,8.32003331392,0.0,8.07245956906,11.7592141025,9.55786955207,0.0,0.0,8.44139217949,6.7122656065,LUAD
sample_462,0.0,9.97487342579,0.0,8.94107402371,11.5965019335,7.99023446724,0.0,0.0,8.14313317621,8.76341489436,LUAD
sample_463,0.0,9.90937109967,0.0,5.78038622177,10.2727347468,8.81067766411,0.0,0.0,9.22391723305,9.63631466156,KIRC
sample_464,0.0,9.59678236959,0.0,9.76181215714,11.213845431,10.4319467442,0.0,0.0,7.80192818141,7.23109634978,COAD
sample_465,0.0,9.95407995932,0.0,10.0564480526,10.0378763615,8.34352330435,0.0,0.0,10.314469954,7.05814329251,PRAD
sample_466,0.0,9.55666698379,0.0,8.57028835193,11.6322318568,10.6578632656,0.0,0.0,7.95441735156,5.20870062836,COAD
sample_467,0.0,9.03148617795,0.0,9.82552330121,10.5065356963,9.25408141657,0.0,0.0,8.18692142757,8.67801554874,BRCA
sample_468,0.497842258861,9.99677004754,0.0,6.35343798227,9.8659048996,6.24576564849,0.0,0.0,10.0726953666,8.92117149026,KIRC
sample_469,0.0,10.5261666474,0.0,5.80220097335,10.5919710737,7.09957925431,0.0,0.0,9.88988264967,8.31438837949,KIRC
sample_470,0.0,8.70208955048,0.0,8.94389496127,11.1223491735,9.64214738792,0.0,0.0,8.40672372953,8.5069184522,BRCA
sample_471,0.0,9.73665222481,0.0,8.40847410921,10.2141612415,8.22371696715,0.0,0.0,9.1737270989,7.54231222721,PRAD
sample_472,4.25835308816,9.65737204716,0.0,6.63441030639,11.2473757195,7.7621228785,0.0,0.0,9.53180640809,8.28243517147,KIRC
sample_473,0.535555333399,8.7950525912,0.0,7.40945882607,11.1587359027,10.5359848836,0.0,0.0,8.01183104791,7.48741399411,COAD
sample_474,1.09956452716,9.75750835385,0.0,8.18629255306,10.7993949601,10.0565970752,0.0,0.0,9.27312886879,8.22262104462,LUAD
sample_475,0.0,9.37493513637,0.0,10.3929827983,10.3886846466,8.76999648178,0.0,0.0,7.94355802914,7.69170165075,LUAD
sample_476,0.0,7.83641019472,0.0,9.69384758618,9.25656961205,9.13619651415,0.0,0.0,8.95455693907,7.15517241169,BRCA
sample_477,0.0,10.2734576101,0.0,9.44464429267,9.94402971209,8.22397754866,0.0,0.0,9.68210095932,6.8711413463,PRAD
sample_478,0.0,9.91322004065,0.0,8.58890198641,9.88455366024,8.23456359024,0.0,0.0,9.94643260685,7.4174896863,PRAD
sample_479,0.0,8.62420692823,0.0,7.62571614783,11.7219066326,9.57487730829,0.0,0.0,9.3437342573,8.85554439078,BRCA
sample_480,0.0,9.44053492184,0.0,9.15892267996,9.81309494639,7.97456372751,0.0,0.0,10.8394636388,7.7184780783,PRAD
sample_481,0.0,8.96381221601,0.0,7.54059303658,10.5868773088,9.13840236649,0.0,0.0,8.61623270271,7.90216404648,LUAD
sample_482,0.0,10.3992886071,0.0,8.24004713884,9.95750692631,7.15506106881,0.0,0.0,9.31243374445,8.38406708034,KIRC
sample_483,0.0,10.074823838,0.0,8.22003484558,9.99227275904,8.45010599647,0.0,0.0,9.33423081961,7.5635242502,PRAD
sample_484,0.0,9.83042647177,0.0,11.1631590511,9.60815130651,8.59792963316,0.0,0.0,9.50823451585,8.46443139205,BRCA
sample_485,0.0,8.30433306681,0.0,4.56143001165,11.000394433,8.69892686983,0.0,0.0,6.79664966356,6.50725233861,LUAD
sample_486,0.0,9.47190887143,0.0,9.18387105617,10.1378621037,8.38519804729,0.0,0.0,9.76987089468,8.07314541852,PRAD
sample_487,0.0,8.73348653641,0.0,9.2440807394,11.6325363326,10.1090470777,0.0,0.0,8.54092231951,6.86428521044,LUAD
sample_488,0.0,9.80669299829,0.0,8.97952523015,10.7421409855,7.60758183865,0.0,0.0,9.54659740386,8.37055228403,BRCA
sample_489,0.0,8.46675761573,0.0,10.571999075,9.73613129491,9.08467022255,0.0,0.0,8.67369774691,8.98862788664,BRCA
sample_490,0.0,8.50796109541,0.0,9.41299952176,10.4700690684,10.6117994383,0.0,0.0,8.25153448399,6.47408879416,COAD
sample_491,0.0,8.51906220547,0.0,8.83195322383,11.744543756,9.71940935738,0.0,0.0,7.57663550535,8.60225717501,LUAD
sample_492,2.9946340279,9.51742727847,0.0,5.71643949303,11.467060361,7.93426289899,0.0,0.0,9.57920466661,8.13069925421,KIRC
sample_493,0.0,8.80106809671,0.0,7.67506786131,11.0213409146,10.0199242609,0.0,0.0,8.17131693121,5.54224566607,COAD
sample_494,2.36692364898,9.9173795391,0.0,8.61737562946,12.0678847125,9.94871472153,0.0,0.0,8.30473462031,8.41606280086,LUAD
sample_495,0.0,8.55098144469,0.0,8.63660649612,11.1240696014,9.80677837291,0.0,4.66479000613,8.8003822483,7.60256525878,BRCA
sample_496,0.402613042987,9.34540746454,0.0,9.41439983933,10.5604952477,8.20966293111,0.0,0.0,10.0988085073,7.22589186169,PRAD
sample_497,0.0,8.97083927792,0.0,4.83151753572,11.8237334407,9.62636247323,0.0,0.0,7.28398657363,6.55509677508,BRCA
sample_498,0.0,9.35086848113,0.0,7.87564492692,11.6563220654,9.15224427386,0.0,0.0,9.03837856314,8.84071499114,BRCA
sample_499,0.0,9.35649598771,0.0,8.93098564895,10.1005440805,7.37276060782,0.0,0.0,9.70664451045,7.87146789775,PRAD
sample_500,0.0,9.51236517504,0.0,9.11325250414,10.2613192471,8.29858500603,0.0,0.0,9.26785177435,9.27319182505,BRCA
sample_501,0.0,9.75688485266,0.0,9.46500309282,10.5878243868,10.2189869618,0.0,0.0,8.38029221768,6.46829168589,COAD
sample_502,0.0,9.26049853922,0.0,9.35947285255,10.1583950982,9.18294798381,0.0,0.0,8.83836249574,8.6402232414,BRCA
sample_503,0.0,9.35107836287,0.0,9.78933638165,11.5473380011,11.0702953994,0.0,0.0,7.44743868893,5.62906513709,COAD
sample_504,0.837862529421,10.1931310603,0.0,6.83278876885,10.815527398,8.01241782622,0.0,0.0,9.5848291204,8.91555077733,KIRC
sample_505,0.0,9.86209178862,0.0,9.01043299537,9.81802448325,8.17293748746,0.0,5.86010367686,9.88964845383,8.34642065306,BRCA
sample_506,0.0,9.59071802795,0.0,9.31395323752,10.2339311886,8.18815362269,0.0,0.0,10.232540847,8.27807770146,BRCA
sample_507,0.0,8.35242750464,0.0,9.13981224174,11.6525985289,7.8786395226,0.0,0.0,9.26561973436,7.59804505397,LUAD
sample_508,0.31092173523,8.27847268984,0.0,5.73946740127,10.1045725463,11.0260945816,0.0,0.0,9.09323531771,7.07629185713,LUAD
sample_509,0.0,9.74597341905,0.0,9.08267598131,10.4033422926,7.75430629961,0.0,0.0,9.03883396103,8.56947969934,LUAD
sample_510,0.0,8.40531593783,0.0,9.61245755627,11.7253534755,10.1733523372,0.0,0.0,8.21272496099,6.77383812619,COAD
sample_511,0.388465097283,10.2383450239,0.0,6.70329453765,10.8526309392,7.76546844452,0.0,0.0,9.69274451035,9.75391535929,KIRC
sample_512,0.0,9.54678258882,0.0,9.68986347663,11.7948179128,8.11100000356,0.0,0.0,8.81796214872,8.61631725885,LUAD
sample_513,0.0,8.78702427182,0.0,9.08545918075,12.7839599579,9.91730941711,0.0,0.0,8.16301560618,8.97771781803,LUAD
sample_514,0.0,9.81349262335,0.372952097912,8.45107920226,10.3213306053,8.52151407172,0.0,0.0,9.70549934228,8.99643111821,BRCA
sample_515,0.0,9.49073056359,0.0,8.28679799826,10.0714891782,9.4388001678,0.0,2.58971555612,8.94564574103,9.05366256226,BRCA
sample_516,0.0,11.1738020396,0.0,7.85695457542,9.7911775434,8.17680644922,0.0,0.0,8.72181352193,7.3435321872,KIRC
sample_517,0.0,9.94194259213,0.0,7.85957205682,9.71245649753,7.1823943534,0.0,0.0,9.82956894511,8.16297533837,PRAD
sample_518,1.07231164002,8.90906802225,0.0,7.51542388661,12.0268519191,10.4245547352,0.0,0.0,8.11793914164,8.15747831317,LUAD
sample_519,0.940805718167,9.90924807592,0.0,7.73767324284,9.99885835409,7.42933978385,0.0,0.0,9.94468424626,7.68384380377,PRAD
sample_520,0.415866810523,10.0970049819,0.0,9.17995386261,9.7604787852,9.8594229693,0.0,0.0,8.80210595452,8.30714159708,BRCA
sample_521,1.04851520993,9.55779107102,0.0,6.50372399063,9.49722912879,6.0597251631,0.617486566413,0.0,10.9486811442,9.08817605641,KIRC
sample_522,0.0,7.7326219599,0.0,9.5717526435,10.8312438969,8.88999669233,0.0,0.0,8.82140728359,8.38470173967,BRCA
sample_523,0.0,9.38732160944,0.575215502268,5.62928084017,12.4197627152,8.86329734415,0.0,0.0,8.30596140382,8.4238344518,KIRC
sample_524,4.48350624971,9.88713834751,0.0,6.33671184751,11.4572833964,9.48938437754,0.0,0.0,7.21020376178,7.28188367456,KIRC
sample_525,0.0,9.34231028154,0.654527195815,7.45542586275,10.2990935142,9.50315192555,0.0,0.0,7.83131357834,6.60645555346,PRAD
sample_526,0.0,9.86119704303,0.0,10.0454047448,10.2832620217,8.10556284875,0.0,0.0,9.7329305545,7.10080949165,PRAD
sample_527,0.0,9.24094870849,0.0,8.3413186667,11.3303903328,8.10266862823,0.0,0.0,8.64676029538,8.1578925802,LUAD
sample_528,0.0,9.97620609015,0.0,6.90171165389,9.90211127465,8.79356104379,0.0,0.0,7.9229232959,9.06160340939,BRCA
sample_529,0.0,10.9521005542,0.0,6.89389608389,10.0447492846,7.85107437692,0.0,0.0,9.24426392533,8.98122476171,KIRC
sample_530,0.0,8.97251173146,0.0,9.01859244949,11.5614168367,8.67550545869,0.0,0.0,8.88193375374,6.95171600174,COAD
sample_531,0.0,9.18438444562,0.0,9.3396963744,11.2248518417,8.97812125024,0.0,0.0,8.12859757399,6.58248525142,COAD
sample_532,0.0,9.45774612404,0.0,8.38718588122,10.7060729036,9.25559750755,0.0,0.0,8.79500712017,9.19531560589,BRCA
sample_533,1.33462547893,10.5176595471,0.0,6.17052399627,10.1190837783,7.30126754057,0.0,0.0,10.6723369388,8.98320454629,KIRC
sample_534,1.70867283586,10.0046699215,0.0,6.7977133971,11.1427325151,7.26469592931,0.0,0.0,9.82652783182,9.17185481759,KIRC
sample_535,0.0,10.0722800155,0.0,7.65011112071,10.5848216057,7.93101520698,0.0,0.0,10.9974547243,9.45772971052,BRCA
sample_536,0.0,8.92299165944,0.0,7.74316486145,10.6373222378,9.73759719852,0.0,0.0,8.90591344,8.50894358247,BRCA
sample_537,0.0,9.68275235907,0.0,9.34433363945,10.6506299463,8.08213307047,0.0,0.0,9.0002732972,7.25017522686,PRAD
sample_538,0.0,10.1127652819,0.0,4.1165976453,9.59006863444,8.24790853049,0.0,0.0,9.42461141861,9.93406971826,KIRC
sample_539,0.0,10.089318057,0.0,8.32211292835,11.7307588171,9.76324390986,0.0,0.0,8.40574990529,5.94384633071,COAD
sample_540,0.0,8.91960228012,0.52255799287,8.91960228012,11.2189445949,9.6208521263,0.0,0.0,8.38592709404,8.11998898126,BRCA
sample_541,0.0,9.23378262979,0.0,8.7073073598,10.7403204648,8.21661491859,0.0,0.0,8.99202910937,8.78807880549,BRCA
sample_542,0.65754854779,8.69884701955,0.0,10.1946091306,11.3879796025,9.23575577562,0.0,0.0,7.69830878277,7.42540055645,COAD
sample_543,0.0,9.46766464231,0.0,7.27743619581,10.8022093761,10.2261833666,0.0,0.0,7.87113518424,7.71025541869,LUAD
sample_544,0.431569476051,8.85593676597,0.0,8.51181984622,10.107883988,7.19350564805,0.0,0.0,10.1527665054,9.93058212124,BRCA
sample_545,0.50589092973,9.44588185821,0.0,8.00451262813,11.1702255316,8.49659416876,0.0,0.0,9.30257952419,8.87964450925,BRCA
sample_546,0.0,9.22887158834,0.327802315377,7.12443153547,9.98922417655,9.07145431777,0.0,0.0,9.42848370734,9.15267272046,BRCA
sample_547,2.52697021441,10.7637352283,0.0,5.17702878632,10.1041662733,7.07361675097,0.0,0.0,10.1785777141,8.74111638239,KIRC
sample_548,0.0,9.81676288362,0.0,8.29119372699,10.0201604665,8.12878313957,0.0,0.0,10.4642189883,7.16518840069,PRAD
sample_549,0.0,9.65392882726,0.0,10.1838462501,10.5252271506,9.89453889614,0.0,0.0,7.55590049382,7.94867676452,LUAD
sample_550,0.0,9.55257496387,0.0,8.32999809964,11.3170620732,9.14458177287,0.474877285993,0.0,8.39659193814,7.92052555161,LUAD
sample_551,0.0,8.22535688132,0.0,5.70855421008,11.135414305,10.5188989928,0.0,0.0,8.08133430086,7.83940537332,BRCA
sample_552,2.17632277264,10.0630579636,0.0,4.70485536894,10.3075537537,8.08896839875,0.0,0.0,8.76724428145,9.17121183232,KIRC
sample_553,0.0,9.088170755,0.0,8.99695360102,11.9514595765,10.5716673305,0.0,0.0,7.63643611541,5.85763520436,COAD
sample_554,1.19899696624,9.9783815615,0.0,8.35975834383,10.7439592118,7.60821785302,0.0,0.0,9.80062815598,9.48563814397,KIRC
sample_555,1.25912180606,10.3045338575,0.0,6.88674522474,9.97323815607,6.31955471376,0.0,0.0,10.4380536858,9.20230016966,KIRC
sample_556,0.455439014563,7.75684316516,0.0,6.19005971877,11.1527918516,10.5211390961,0.0,0.0,7.21299725935,8.67051108722,BRCA
sample_557,0.0,9.71658285023,0.0,8.93559234236,10.2948160049,7.98536949797,0.0,0.0,8.32215800609,8.38723327983,PRAD
sample_558,0.0,9.38160567569,0.0,8.34866619667,10.5709656767,8.84237548821,0.0,0.0,9.06269648598,8.06126857336,LUAD
sample_559,0.884715129096,9.94695743295,0.0,7.12291080183,11.2813157369,8.0425458491,0.0,0.0,9.23142520801,8.63030353328,KIRC
sample_560,0.0,9.67931294832,0.0,4.82706700166,9.65896120365,7.63138807763,0.0,0.0,7.9145824614,9.1456035865,BRCA
sample_561,0.0,8.66671754203,0.0,8.72708658087,10.8006006552,9.73120700565,0.0,0.0,7.97326112005,6.31185001518,COAD
sample_562,0.603026890082,10.1873891918,0.0,8.86891513117,11.6404709046,8.80182150703,0.0,0.0,7.51687401368,8.49436760511,LUAD
sample_563,0.0,9.80304132659,0.0,7.79688323324,11.9917733746,9.90096791382,0.0,0.0,8.51923129795,8.03348907766,LUAD
sample_564,0.521050736901,8.92091553074,0.0,9.78504862051,10.679268958,9.87068682386,0.0,0.0,8.73459785783,8.45506002982,LUAD
sample_565,0.0,9.82418230762,0.0,9.19131589022,10.1573974667,7.47618724117,0.0,0.0,9.78986941965,7.68781656106,PRAD
sample_566,1.43839931961,11.074576347,0.0,9.18599287468,10.2641376081,8.38100643709,0.0,0.0,8.48206575078,9.15170156121,LUAD
sample_567,1.2779847473,10.2447562709,0.0,7.19328879333,10.2354039679,7.52255014666,0.0,0.0,9.43934678845,8.78919779212,KIRC
sample_568,0.0,10.4078307092,0.0,9.6092988038,10.6388431418,7.49270243335,0.0,0.0,9.74663524045,8.46619476876,BRCA
sample_569,0.0,9.70041544182,0.0,8.70547687892,11.4911766745,8.31556170197,0.0,0.0,9.77310458162,9.98159582158,BRCA
sample_570,0.600745497962,8.89231208842,0.0,8.94315653769,11.3039975927,11.1728087598,0.0,0.0,7.53047656801,5.866282411,COAD
sample_571,0.0,9.20953622074,0.0,10.0348402211,10.6366518068,10.2434477363,0.0,0.0,9.10554975395,8.07428599268,PRAD
sample_572,0.0,9.06168980608,0.0,8.78135643467,10.9097731041,8.78014274616,0.0,0.0,9.01883165443,11.2551289175,BRCA
sample_573,0.0,9.73391693621,0.0,8.27429893972,10.2707975539,7.58854225133,0.0,0.0,8.95650974738,8.72651790898,BRCA
sample_574,0.0,8.81858856814,0.0,7.38281421204,10.7745482376,8.87450805376,0.0,0.0,9.58561607385,10.3010845909,BRCA
sample_575,0.963030149501,10.0694497674,0.0,5.73387762943,10.4956951626,7.09015477339,0.0,0.0,9.76967918803,8.71105087921,KIRC
sample_576,0.688851743866,9.09028182712,0.0,8.11379424796,11.7177620912,9.29992918563,0.0,0.0,8.44801303077,7.81371707001,LUAD
sample_577,0.0,9.22695159726,0.0,10.9068755675,10.0780306894,7.94735640693,0.0,0.0,8.73499068132,8.09819003362,LUAD
sample_578,0.0,8.96728102544,0.0,8.20942899557,10.4546180292,10.4881614899,0.0,0.0,6.70687585185,8.21878116778,BRCA
sample_579,0.0,10.2209828511,0.0,9.27644315912,9.88086762586,9.48489336613,0.0,0.0,9.69678152826,6.68213783886,PRAD
sample_580,0.0,8.52804771559,0.0,8.71307027315,11.013308714,9.13090770994,0.0,0.0,8.85025873615,7.35276735121,LUAD
sample_581,0.715893370548,9.18515046985,0.0,9.08885977554,11.3171808142,9.68883950787,0.0,0.0,8.92213539529,7.66573384714,LUAD
sample_582,0.0,10.3327638683,0.0,8.67736729214,9.64372634138,9.36361133687,0.0,0.0,10.1035500928,8.16699656639,BRCA
sample_583,1.08345166987,10.2893272938,0.0,6.83324431681,10.3454163358,6.50105214525,0.0,0.0,10.2314132072,9.27405428224,KIRC
sample_584,0.0,9.56357572834,0.0,9.1545143518,10.3224690041,8.06599228978,0.0,0.0,10.5062282282,6.50291611624,PRAD
sample_585,0.0,9.10626455633,0.0,8.56265074836,10.7841358681,9.64824431926,0.0,0.0,7.60703434595,6.46291119977,COAD
sample_586,0.0,10.1815249981,0.0,9.96722625884,9.00015496868,8.37935670482,0.0,0.0,8.34259918902,9.77540781192,LUAD
sample_587,0.580434959402,9.70662033831,0.0,8.20315220411,10.2331163232,8.24496790409,0.0,0.0,9.45906884999,7.81931053062,PRAD
sample_588,0.506601942191,8.44500242663,0.0,9.63531726565,11.1422028082,9.77164132414,0.0,0.0,8.16316660047,7.05179623348,COAD
sample_589,2.66555194992,9.49799949113,0.0,7.57544848466,12.2110517512,8.84270547299,0.0,0.0,8.58978595403,7.04964165759,LUAD
sample_590,0.495183477908,10.180418918,0.0,9.77712542569,10.9063645171,9.95327106008,0.0,0.0,7.61428286097,7.35392311302,COAD
sample_591,0.0,10.6418530604,0.0,6.67635204449,10.2952638454,7.72762099621,0.0,0.0,9.61167773654,9.45024830694,KIRC
sample_592,1.48522071316,9.45796153418,0.0,7.45949719419,11.3800659745,9.3646971745,0.0,0.0,8.86059040937,9.25515843014,KIRC
sample_593,0.606063145152,8.59544398459,0.0,9.08314155089,9.66118308602,9.34913744982,0.0,0.0,8.38401525909,9.13563747016,BRCA
sample_594,0.0,9.21047897162,0.0,7.05265499026,10.5017973859,8.5955036605,0.0,3.6661203026,8.67570303982,7.952840238,BRCA
sample_595,1.46952135023,10.4177997838,0.0,4.45138257625,9.72995206656,7.49044979388,0.0,0.0,9.76792289534,9.42888773828,KIRC
sample_596,0.0,10.1904543653,0.0,7.80837861464,11.0178592897,8.72758355955,0.0,0.0,8.69793363454,8.17112674665,KIRC
sample_597,1.30766166919,9.07253459972,0.0,9.59497954704,10.8495614822,10.6003868458,0.0,0.0,9.18833663018,6.49009514375,COAD
sample_598,0.0,8.58271781543,0.0,8.79104238755,10.4463079311,7.7875500026,0.0,0.0,9.40331459553,8.88284476804,BRCA
sample_599,0.0,8.69691885618,0.0,7.50781842069,10.4092954605,7.7517114154,0.0,0.559149147737,9.93566894699,7.55842071327,LUAD
sample_600,0.0,9.07979142393,0.357833478629,9.86340266619,9.91730941711,8.42497665839,0.0,0.0,9.42574671741,6.30311220547,PRAD
sample_601,0.0,8.4418112823,0.0,7.50634328848,10.2687291233,9.7420399057,0.0,0.0,8.63997734391,7.64825690445,PRAD
sample_602,0.0,10.0586141398,0.0,6.32930481899,10.4128026915,7.10926652205,0.0,0.93168305706,9.90046835182,8.41693683013,KIRC
sample_603,0.0,9.34846924247,0.0,9.57188723821,10.3962194402,8.88868846197,0.0,4.17105467016,10.1402674063,7.82524502426,BRCA
sample_604,0.0,9.94157146049,0.0,5.68396588192,11.2483011895,9.23652131893,0.0,0.0,8.85448818458,7.57966289702,LUAD
sample_605,0.0,9.34404507913,0.0,7.21264715202,10.5592814813,8.11819358384,0.0,0.0,9.32191231532,10.3567270575,BRCA
sample_606,0.0,9.27292132687,0.0,8.36852392216,12.1833717523,8.4739045884,0.0,0.0,8.55378670515,8.24400698265,BRCA
sample_607,0.0,8.95592883066,0.0,9.76453823992,10.4969935473,8.61664073226,0.0,0.0,7.97885343468,6.80480218622,COAD
sample_608,0.0,9.30552371231,0.0,8.14842065283,11.4284858011,9.15266004635,0.0,0.0,8.24363576243,8.04327340962,BRCA
sample_609,0.649661440643,10.2819647903,0.0,9.06527609962,10.3639595069,9.02398993268,0.0,0.0,8.67943787367,6.71556395051,PRAD
sample_610,0.0,10.0236850579,0.487589248321,8.83615768505,10.6014829634,8.30437413991,0.0,0.65544342539,9.40730813364,7.27632916036,PRAD
sample_611,0.0,8.44367295028,0.0,9.52675156644,11.2641024125,8.84642436382,0.0,0.0,8.14601873039,11.0955618551,BRCA
sample_612,0.0,9.59745854602,0.0,8.93670271161,9.89228020859,7.52891507439,0.0,0.0,9.4773251906,8.63769718088,BRCA
sample_613,0.0,8.36502320407,0.0,9.2199138817,11.5756526915,10.3767765719,0.0,0.0,7.28983446518,6.89636873575,COAD
sample_614,0.0,9.39216284003,0.0,9.774218763,11.1064713379,9.98589884693,0.0,0.0,9.48989812282,8.37162855634,BRCA
sample_615,2.46328240526,9.40196318457,0.0,6.11445864817,10.6852744159,8.16920848538,0.0,0.0,7.86382078077,8.40289268197,KIRC
sample_616,0.0,9.04527640728,0.0,6.08893448799,9.79017578661,8.94594123167,0.0,0.0,8.66677079157,13.0161954299,BRCA
sample_617,0.0,9.64000446701,0.0,7.90901700295,11.80023258,9.26102535093,0.0,0.0,8.27547271841,7.64893993573,BRCA
sample_618,0.0,8.4678704274,0.0,7.10191265832,10.7016963269,8.60363376242,0.0,0.0,8.56179580663,6.76660841199,COAD
sample_619,0.0,9.37449831924,0.0,11.1005375103,10.1273108451,8.46973948581,0.0,0.574828123587,10.6059516965,7.94097715766,BRCA
sample_620,0.0,9.53874572234,0.0,9.46579493246,11.1434597475,8.9406277988,0.0,0.0,8.90754567086,7.31682456179,PRAD
sample_621,0.0,9.80103413548,0.0,9.13883750221,10.6049145525,10.6180458967,0.0,0.0,8.55844367375,6.18351628909,BRCA
sample_622,0.0,7.83089543892,0.0,5.52131776157,10.0925985943,8.32736401481,0.0,0.0,9.17812700766,11.981039196,BRCA
sample_623,1.17319140967,9.84408587645,0.0,8.0577372663,10.2574939193,8.44838478487,0.0,0.0,8.1999961788,7.62514626494,KIRC
sample_624,0.0,9.67901378734,0.394294620495,9.96326313752,11.364156547,8.97088240675,0.0,0.0,8.58542829579,6.05934229746,PRAD
sample_625,0.0,8.70436364023,0.0,9.51112010085,9.93884886712,7.46558272941,0.0,0.0,9.49573712871,6.53419080901,LUAD
sample_626,0.0,9.93334247794,0.0,6.97576773646,9.85552258903,7.97922510488,0.0,0.0,9.04471923558,8.38230843629,BRCA
sample_627,1.08249822712,9.65422249215,0.0,7.8579747766,10.0017178128,9.31814734183,0.0,0.0,10.2606608365,9.02546904617,BRCA
sample_628,0.988193859778,10.8212478204,0.0,9.51546331151,9.60808475693,6.77902327974,0.0,0.0,9.97958238979,9.41162961885,KIRC
sample_629,0.0,9.12097653473,0.0,10.9110848394,11.0263228622,9.09625921717,0.0,0.0,8.12356791406,8.98934056631,BRCA
sample_630,0.0,9.82075815841,0.0,9.20937781712,10.2248699249,8.19378159784,0.0,0.0,9.14508130337,8.89399616311,BRCA
sample_631,0.40936377927,9.52530938103,0.0,8.36374930108,10.6468826727,8.23937894605,0.0,0.0,8.88403922025,8.25329913304,BRCA
sample_632,0.0,9.46859349859,0.0,7.36176835942,10.0387269829,6.68296650175,0.0,0.389126226925,10.6443069615,10.1541598875,BRCA
sample_633,0.671202776542,9.11456744319,0.0,10.0517935151,11.3796545323,12.298979001,0.0,0.0,5.48667898088,7.91600482512,BRCA
sample_634,0.0,9.04984582738,0.0,9.5176536424,11.2646243918,9.80120393365,0.0,0.0,8.56754164499,6.84119320896,COAD
sample_635,0.0,9.5865226979,0.0,8.62271808817,12.1709546831,9.02200154395,0.0,0.0,8.67738843553,7.27824500386,LUAD
sample_636,1.78249244011,9.13255885,0.0,7.60188218913,11.9822449468,8.12812324239,0.0,0.0,8.38092421165,6.644904648,LUAD
sample_637,0.0,9.35972979724,0.0,8.04952186453,11.5328380419,10.6640561127,0.0,0.0,7.23572705984,9.22481446899,BRCA
sample_638,0.0,8.68126652736,0.0,9.09817160694,10.1447856838,8.29912557632,0.0,0.0,10.101306021,8.83072117839,BRCA
sample_639,0.0,10.3593981763,0.0,8.60760772843,9.65049891107,10.234134833,0.0,0.0,8.76576014985,12.3819808843,BRCA
sample_640,0.487795024251,9.91843096016,0.0,7.80392444603,10.6439643878,8.0699276775,0.0,0.0,8.86683072416,6.96469896986,PRAD
sample_641,0.0,7.61417241373,0.0,10.3616148544,10.662258916,8.41151946197,0.0,0.0,9.17558946901,10.2898114158,BRCA
sample_642,0.0,9.23180918114,0.0,9.49139817493,10.5097057375,8.51437084321,0.0,0.0,9.67929711194,8.07920741838,BRCA
sample_643,0.0,10.1460212769,0.0,7.33396929275,10.6043400985,7.75053281404,0.0,0.0,9.83092712039,8.30673160076,KIRC
sample_644,1.4083314393,9.5683399827,0.0,9.35895443165,10.9764137603,9.88973818271,0.0,0.0,7.80233541106,6.45241258247,LUAD
sample_645,0.0,10.4929647454,0.0,6.42449049127,10.9800681553,8.78909343357,0.0,0.0,9.97636363573,8.92979691427,LUAD
sample_646,0.0,10.4071402745,0.0,4.92998031535,10.6895525186,8.00972786308,0.0,0.0,9.92864716835,9.46510515841,KIRC
sample_647,1.82863158169,10.534740586,0.0,7.40216789597,10.3508729,7.58421841924,0.0,0.0,10.2818952628,8.78026416097,KIRC
sample_648,0.0,9.03463666745,0.0,8.28724140702,11.7302833135,9.90372371287,0.0,0.0,8.16284949421,8.23052487034,LUAD
sample_649,0.0,8.90045325662,0.0,9.2925448076,11.1595812553,9.07145699937,0.0,0.0,8.25692101289,9.11982043348,KIRC
sample_650,0.0,9.10220144359,0.0,9.28214786325,11.0095977117,9.75071368474,0.0,0.0,8.35298798794,4.96966625474,COAD
sample_651,0.0,9.37746867377,0.0,8.04215182862,10.8654703764,8.9160555979,0.0,0.0,9.0614333008,8.61705232081,BRCA
sample_652,0.861558419572,8.47069140804,0.0,8.63831643869,11.9009120801,10.7785535674,0.0,0.0,7.71808073224,6.01626229977,COAD
sample_653,1.23302905745,10.0672326652,0.0,4.94081041541,10.6275703618,7.20011391859,0.0,0.34494209056,10.4553580468,8.74623549632,KIRC
sample_654,0.0,9.95913402615,0.0,8.10890076292,9.46164314807,8.9158256128,0.0,5.13608062008,9.57591925144,9.20172206673,BRCA
sample_655,0.0,8.57254486554,0.0,9.28906672283,9.8752916704,8.46325052131,0.0,0.0,8.89346536074,8.78739981335,BRCA
sample_656,0.0,9.896121964,0.0,9.56812903639,10.6703375819,7.99009261518,0.0,0.0,9.39430405374,7.44074461302,PRAD
sample_657,0.0,10.1849621003,0.0,9.82512097495,10.643522528,7.61815054042,0.0,0.336854639125,9.28743997301,7.34657578323,PRAD
sample_658,0.0,9.33290481407,0.0,9.36232741821,10.5281610488,9.22647481258,0.0,0.0,8.6064496311,7.14048215312,PRAD
sample_659,0.580434959402,8.97080477394,0.0,9.11050418992,11.5929988805,9.27540753353,0.0,0.0,8.09493275372,9.00179942839,LUAD
sample_660,0.0,9.47270505292,0.0,9.35910822,10.4944056094,8.61210549128,0.0,0.0,9.04427662236,7.03485397373,PRAD
sample_661,0.0,9.31409829943,0.0,8.81759767759,9.40149181144,7.39615092442,0.0,0.0,10.5049282034,7.43008451295,PRAD
sample_662,0.0,10.0198547813,0.0,10.6347112376,11.1200175028,10.3593432648,0.0,0.0,8.6434197085,7.08744162499,COAD
sample_663,0.0,8.72846136379,0.0,10.1057644937,9.52646793965,8.49196930875,0.0,0.0,10.1959749988,9.49956887898,BRCA
sample_664,0.0,9.6132037974,0.0,8.82374617639,9.70357486447,7.26013859739,0.0,0.0,9.425050115,8.98998196089,BRCA
sample_665,0.0,9.16669536277,0.0,9.36218712578,10.82237166,9.76807512584,0.0,0.0,8.23972739948,6.7318756342,COAD
sample_666,1.75757802253,8.22237470957,0.0,11.1196803942,11.2757404111,9.05730404568,0.0,0.0,8.81147424165,7.98198390517,LUAD
sample_667,0.770025563554,9.95356644816,0.0,7.37535227105,11.1990588237,8.28423186657,0.0,0.0,8.6266289525,9.6138060365,KIRC
sample_668,0.0,10.1173054375,0.0,9.75066177047,10.1443905802,7.76476545754,0.0,0.0,9.46633754059,7.9617390726,BRCA
sample_669,0.586212294924,10.6249233649,0.0,5.70415818492,10.4195283578,7.94147609504,0.0,0.0,9.3712016294,8.93452239879,KIRC
sample_670,0.544683205384,9.21237965167,0.0,9.11309619407,11.1837780313,10.3596507422,0.0,0.0,8.50899506536,4.27415727644,COAD
sample_671,0.0,9.79587407077,0.0,8.37786989742,10.680385898,7.70916654538,0.0,0.0,9.52672809599,8.10049414617,BRCA
sample_672,0.0,9.29362568136,0.0,7.84808456765,9.61929561811,7.08362824301,0.0,3.50492542342,8.97207799932,9.2339838993,BRCA
sample_673,0.0,9.66187249325,0.0,9.56355475599,10.8516007048,8.84367299317,0.0,0.0,8.56546008894,8.3230007005,BRCA
sample_674,0.0,9.90368154118,0.0,9.1559895067,9.83219064379,7.4120108662,0.0,0.338681124625,10.5822831387,7.54711046223,PRAD
sample_675,3.57140984422,9.65288081591,0.0,7.24956859447,11.828902068,9.33170969446,0.0,0.0,7.6671896194,7.07237381494,LUAD
sample_676,0.0,10.081976014,0.0,6.21500872934,10.750246389,7.73779490541,0.0,0.0,8.72243870044,8.93312113531,KIRC
sample_677,0.0,9.94982671076,0.0,8.04330075436,9.96318509361,9.23312111792,0.0,0.0,9.9815672819,8.90989308377,BRCA
sample_678,0.0,8.178321252,0.0,8.5157195471,10.665842193,9.323246206,0.0,0.6033118106,9.42608860095,8.24896644918,PRAD
sample_679,0.526269172065,9.61579329863,0.0,7.79720757286,11.2014194502,9.16390372897,0.0,0.0,9.10200717623,8.09537064787,KIRC
sample_680,0.0,9.10685079645,0.516015147004,8.50053917058,10.1634861529,8.65617098382,0.0,0.0,8.29272194239,6.44995253294,PRAD
sample_681,0.0,9.8494488894,0.0,8.95186459097,10.0947638915,7.46118473905,0.0,0.0,9.13159205645,8.16765899307,BRCA
sample_682,1.45533379668,10.4796085044,0.0,7.53658914732,10.3999934861,7.84367613341,0.0,0.0,8.94336169327,9.51021625508,LUAD
sample_683,0.914258348824,9.69591380032,0.0,6.40996111231,10.6772263282,8.21454255122,0.0,0.0,8.32140953317,8.27065975077,KIRC
sample_684,0.0,9.81074352692,0.0,9.62239963547,9.99143681243,8.0845905058,0.0,0.604735569761,9.00393105542,7.11911750665,PRAD
sample_685,0.0,9.07916740935,0.0,8.51547908117,12.3943099495,8.82112980636,0.0,0.0,8.25271746314,7.75424616184,LUAD
sample_686,0.330558400031,9.58415639512,0.0,9.69452852784,10.5332031746,7.96005407673,0.0,0.0,9.57882175347,7.07848174884,PRAD
sample_687,0.0,8.99130641777,0.0,8.79415264797,10.6146822413,8.18993325099,0.0,0.0,8.99473527619,7.25561402936,PRAD
sample_688,0.0,8.22383761259,0.0,6.11358590903,11.7352005948,11.0942294709,0.0,0.0,7.01293734492,8.92668738207,BRCA
sample_689,1.34329410786,10.1373626287,0.0,4.16270148744,11.4815825067,8.40478819367,0.0,0.0,8.98517307718,8.59565656876,KIRC
sample_690,0.0,9.06431433791,0.0,9.25015390427,10.5121083429,8.71535116009,0.0,0.0,9.17665687585,7.02849179975,PRAD
sample_691,0.881273061429,9.1424415195,0.0,9.61479816968,10.2535638807,8.20483031703,0.0,0.0,8.62384126221,9.15741009926,LUAD
sample_692,0.0,9.28928117848,0.0,8.71547471964,10.9027067304,9.54299314159,0.0,0.0,7.75856302434,4.01373022781,COAD
sample_693,1.54769659132,9.43268804154,0.0,8.36599429174,11.2326547615,9.26548846817,0.0,0.0,8.86274582679,6.28432164262,COAD
sample_694,0.0,10.3503535892,0.0,8.38430888824,8.87947910226,9.07362478371,0.0,0.0,9.28307677437,9.02843930822,BRCA
sample_695,0.398021950181,9.68126652736,0.0,7.7014728172,11.0750177877,9.1006544554,0.0,0.0,9.17246001267,8.62325234513,BRCA
sample_696,0.718087583961,8.90166640683,0.718087583961,8.11563153592,10.3013590067,8.76431098652,0.0,0.0,8.70053335156,10.1726525215,BRCA
sample_697,0.501413666876,9.96182442809,0.0,7.58949385516,11.4425340523,9.31132600099,0.0,0.0,9.8750919654,7.19854326415,LUAD
sample_698,1.32244737164,10.0358713019,0.0,6.06697821954,10.9978145787,7.69946140574,0.0,0.0,9.21764514065,7.97315777925,KIRC
sample_699,0.721941312685,9.86545181736,0.0,5.03642420753,11.593372447,8.88692503837,0.0,0.0,8.08284094314,7.23840473933,KIRC
sample_700,0.438292851579,10.0111992959,0.0,7.12367654158,11.4030226786,8.43378571463,0.0,0.0,9.32440334815,8.09246645879,KIRC
sample_701,0.0,9.30021984001,0.0,7.97485622208,9.8759412885,8.73299836865,0.0,3.5123153927,8.31091719227,8.60909745726,BRCA
sample_702,0.0,9.20597647591,0.0,6.59427981063,12.0203028659,8.01287032076,2.13583033917,0.0,8.44814522098,8.85128992904,LUAD
sample_703,0.0,10.5709941287,0.0,5.41644118964,10.3047163703,7.33654226412,0.0,0.0,9.71384013211,9.54169099944,KIRC
sample_704,0.0,9.57535960783,0.0,8.59319314717,10.8504525317,9.08733819126,0.0,0.0,9.9271008919,7.30907611814,PRAD
sample_705,0.0,9.43593898343,0.0,7.33447889102,10.5124343143,8.06516837109,0.0,0.0,10.3017819621,8.65471478392,BRCA
sample_706,0.566084490515,9.56301699692,0.0,8.71599629889,11.4804469018,9.98008244007,0.0,0.0,8.38376044418,8.04359604458,LUAD
sample_707,0.0,8.72885926185,0.0,8.50282782696,11.1290897859,9.97665003818,0.0,0.0,8.39894031253,6.83815761246,PRAD
sample_708,0.0,9.5298619316,0.0,7.37090532011,10.5428384165,7.77290835704,0.0,0.0,9.32748752486,9.01190650421,BRCA
sample_709,0.0,8.54493739407,0.0,10.5033785525,10.5590424306,8.95234812838,0.0,0.0,9.4319195909,6.37540614215,PRAD
sample_710,0.0,8.22468184829,0.0,7.62384491933,9.69391900436,9.30430340217,0.0,0.0,8.37656822543,8.96008304517,BRCA
sample_711,2.46126660849,9.7597467356,0.0,5.89703465741,11.1190059406,8.78772955617,0.0,0.0,8.26962230122,8.54890280498,KIRC
sample_712,0.0,8.85712258499,0.0,8.37583443272,10.74155968,9.25112968242,0.0,0.0,7.52757083683,10.8500305242,BRCA
sample_713,0.0,9.52776825249,0.0,8.27345061635,10.9226735928,8.39441982042,0.0,0.0,8.46520313458,7.09450000484,COAD
sample_714,0.0,9.74620693893,0.0,8.66408100863,10.4505205139,8.48559990799,0.0,1.0271540515,9.64491618113,6.93190757437,PRAD
sample_715,0.0,9.21364133212,0.900412800706,8.03249761792,10.845686056,9.02136590192,0.0,0.0,8.5866484165,7.05219849966,PRAD
sample_716,0.0,9.83783131519,0.0,6.4812375792,10.5322000551,7.19273665236,0.0,0.0,9.97786661467,8.50982249968,KIRC
sample_717,0.0,9.44137765394,0.0,9.34471977603,11.4359879314,7.89601748962,0.0,0.0,9.27298662417,7.6792900735,PRAD
sample_718,0.701149793234,9.36621072896,0.0,5.56400921585,11.9940776011,9.63205732228,0.0,0.0,7.50661304898,8.33663152102,KIRC
sample_719,0.0,9.20619387452,0.0,10.5200096542,10.0895564117,8.46688402217,0.0,0.0,10.2173397868,9.6178567843,BRCA
sample_720,0.0,9.0701102081,0.0,9.10638758182,12.4181609529,9.2396629658,0.0,0.0,8.66896296567,7.80495702613,LUAD
sample_721,0.83260650939,9.20416028445,0.0,9.11146956462,11.2361158708,9.73463003274,0.0,0.0,8.94542920451,7.79952771686,LUAD
sample_722,0.0,8.99334036591,0.0,7.39020335686,10.5584876803,9.48240866511,0.0,0.0,7.78492924308,7.05505462356,BRCA
sample_723,6.90765982785,8.45285073013,0.0,9.60251329745,11.5493515057,9.07864452266,0.0,0.0,6.40910236827,7.21002837945,BRCA
sample_724,0.95947342649,10.1767840142,0.0,6.61437563013,10.935761751,7.6425499596,0.0,0.0,9.40034152662,8.27115951644,KIRC
sample_725,0.482745045383,9.09237131374,0.0,8.64386700995,10.322683058,8.92191827535,0.0,0.0,8.47528758552,8.34734232458,BRCA
sample_726,0.713607842951,9.05300269569,0.0,7.58022841288,11.4647958775,9.87381473602,0.0,0.0,7.33356685113,8.86681527286,BRCA
sample_727,0.0,9.64854813101,0.0,8.18353117618,8.97203490623,7.05151349283,0.0,0.0,10.0807775632,11.6290286976,BRCA
sample_728,0.0,8.32101710608,0.0,8.20159955755,10.5217280194,9.41299317282,0.0,0.0,7.18053578,7.9392442116,BRCA
sample_729,0.0,9.79939981728,0.0,7.35444334471,11.2212427183,9.02082996858,0.0,0.0,9.29469655731,8.06590615037,KIRC
sample_730,2.02697706628,9.20221199944,0.0,7.40546486294,12.2303027006,9.51639933636,0.0,0.0,7.07779843215,8.22259689599,KIRC
sample_731,0.0,9.2916104643,1.25168879948,9.13207039168,10.3172543157,7.65392703643,0.0,3.98623798352,8.95065503792,7.91487541565,PRAD
sample_732,0.0,9.21149654844,0.0,9.92962088647,11.485502301,9.06503639268,0.0,0.0,8.97794672959,6.51257613828,COAD
sample_733,1.62727997699,10.6492022776,0.0,7.17806723491,10.4545871869,7.28645611098,0.0,0.0,10.5366940419,8.68125949852,KIRC
sample_734,0.0,8.55879186292,0.0,9.84161466428,11.211778811,8.95977015521,0.0,0.0,8.37271273133,9.7856764159,BRCA
sample_735,0.531967777398,9.08057239516,0.0,7.73934182877,12.2278866489,9.52286200078,0.0,0.0,6.63072434594,8.00526523409,BRCA
sample_736,0.0,9.54561514041,0.0,7.631075172,11.836744702,9.30677943967,0.0,0.0,8.83196272138,8.41875497157,KIRC
sample_737,0.438825113176,9.09192193285,0.0,9.66404010798,9.41106391632,8.98043380029,0.0,0.0,9.49449561567,9.83832782523,BRCA
sample_738,0.436268464719,9.15623985496,0.436268464719,6.60582468647,11.2085209177,8.28461592079,0.0,0.0,9.76954365589,8.46227731324,LUAD
sample_739,0.0,11.2717373006,0.0,10.3858624006,9.86419852825,8.80235156859,0.0,0.385154896884,8.62929104154,8.63263175211,BRCA
sample_740,0.0,8.26156842411,0.0,8.43834275945,10.1060786894,9.49979806215,0.0,0.0,7.20519699142,7.95572545454,BRCA
sample_741,0.0,9.60551840919,0.0,8.33207236347,9.81472184226,6.83154793684,0.0,0.0,10.1786026109,8.35653560229,PRAD
sample_742,0.0,9.82516709709,0.0,7.69816290339,11.1206331709,9.13844076609,0.0,0.0,6.57555891122,9.1629728216,BRCA
sample_743,0.410232545598,9.77869318322,0.0,9.370667793,10.1968234007,8.33442525757,0.0,0.0,9.01117413195,7.63877618336,PRAD
sample_744,0.618238655595,8.96635259456,0.0,8.87395158121,10.4020101002,9.05476166963,0.0,0.0,7.56480493829,8.75749668651,BRCA
sample_745,0.0,9.67065624912,0.0,8.22163545195,10.960993806,10.2240499241,0.0,0.0,7.46314832442,4.82643154163,COAD
sample_746,0.0,9.16834869759,0.0,8.41319209314,11.0284931811,9.63248089554,0.0,0.0,8.87170198349,8.7337610582,BRCA
sample_747,1.11962178114,9.44080481575,0.0,10.2829030833,9.90107203034,8.84734241076,0.0,0.0,9.7408887813,8.15005696087,BRCA
sample_748,0.0,9.47536460504,0.0,8.84328040899,10.7220731918,7.53528315393,0.0,0.0,10.0065645208,10.1468868354,KIRC
sample_749,0.331131922217,8.83494186376,0.0,7.4525130717,11.025271088,8.96330360307,0.0,0.0,8.3039314015,7.50878516206,LUAD
sample_750,0.0,9.45908729805,0.0,8.06774088408,9.09777932592,8.53237930436,0.0,0.0,8.68631142369,8.43415698149,BRCA
sample_751,0.0,9.25823859329,0.0,5.69016284143,9.89833383298,9.0013068503,0.0,0.0,9.14412796771,10.9916989834,BRCA
sample_752,0.0,9.08647860879,0.0,8.55650605467,10.1186815719,7.63981097772,0.0,0.0,9.90837460574,7.04903169841,PRAD
sample_753,0.0,9.39816436029,0.0,8.93321557899,10.3214771822,7.94036645829,0.0,0.0,9.82265845747,8.54343015022,BRCA
sample_754,0.0,9.17477841027,0.550802183809,7.07565028388,9.96387289081,9.3817678816,0.0,2.40860317934,7.75964854615,7.03531598464,PRAD
sample_755,0.0,8.86310526653,0.0,6.34862193964,12.9076662114,9.02499833186,0.0,0.0,8.68794949772,8.41485433301,COAD
sample_756,0.0,9.60007457857,0.0,8.19469776673,10.1644795844,7.69515171699,0.0,0.0,9.47182963546,8.98201814283,BRCA
sample_757,0.0,9.35139423256,0.0,10.022783915,10.6596481057,9.30342002933,0.0,0.0,7.65264423625,8.34622560861,BRCA
sample_758,0.0,9.34589530276,0.0,9.41275612555,10.1855568677,9.56098046845,0.0,0.0,9.60284359115,9.21767906486,BRCA
sample_759,0.648465443027,9.61403434278,0.0,5.73371768045,11.3375271314,9.03286674088,0.0,0.0,9.21036207474,8.01175279277,LUAD
sample_760,0.0,9.26069611615,0.0,10.7965507094,7.72790003892,7.24168767074,0.0,0.0,10.9578855866,8.35363646457,BRCA
sample_761,2.87404936376,8.6130011528,0.0,7.23792694663,11.9405668725,9.46112128704,0.0,0.0,7.8657703815,8.04026779957,LUAD
sample_762,0.0,9.23239214494,0.0,5.92092446032,10.9810606086,9.85569699381,0.0,0.91739356309,7.43102115417,7.97246865132,BRCA
sample_763,0.523762664883,10.2052556507,0.0,9.21127994748,10.8052440812,8.02712086843,0.0,0.0,9.16032021749,7.94568377787,LUAD
sample_764,0.0,10.0580729228,0.0,5.77518753305,10.162315793,8.04860675302,0.0,0.0,8.63974587268,9.6164514356,KIRC
sample_765,0.0,10.410207525,0.0,5.4103071808,10.3565950221,7.1797697886,0.0,0.0,10.0129596856,9.34735782844,KIRC
sample_766,0.0,9.45820152474,0.0,9.48408575359,11.4072465167,9.90808182989,0.0,0.0,8.27471825603,5.30539785142,COAD
sample_767,0.0,9.18915740523,0.0,10.5227678632,12.4772118409,9.02318048726,0.0,0.0,7.49939945933,6.17610730984,COAD
sample_768,0.0,9.30618247874,0.0,9.02650961029,10.1798842157,7.92982058024,0.0,0.0,9.86374955499,8.44115145154,BRCA
sample_769,0.0,9.76400737319,0.0,7.97826428422,10.3310288843,7.79893183487,0.0,0.0,9.65138720437,8.97897638234,BRCA
sample_770,0.0,8.55513743192,0.0,9.10965830394,9.92187811946,8.61373054018,0.0,1.00410583283,9.42906564348,7.24842098261,BRCA
sample_771,1.16870621096,9.23726016137,0.0,9.71001600596,10.7299775498,9.35563740443,0.0,0.0,7.96215567528,9.90479566471,LUAD
sample_772,0.0,9.847688485,0.0,7.46036578905,10.2530201499,7.68456629993,0.0,0.0,9.77036656966,9.59601080613,BRCA
sample_773,0.657091173712,9.22274902564,0.0,6.45645463016,10.6594429614,8.1337895456,0.0,0.0,9.00597255038,7.36987648022,LUAD
sample_774,0.0,9.14211982446,0.0,6.26885354668,10.1933528674,8.43146835308,0.0,0.0,9.13435700758,8.24180205687,KIRC
sample_775,0.0,8.9457832541,0.0,7.92517461617,11.8893442466,8.72987561416,0.0,0.0,8.70140697054,8.1516102437,BRCA
sample_776,0.844947997598,9.40630706424,0.0,9.40968793102,10.6284546538,7.76506393725,0.0,0.0,8.56068438858,9.24340251112,LUAD
sample_777,1.25634646345,9.7400370661,0.0,6.84407174932,11.7870087582,9.28563340147,0.0,0.0,8.24904706588,8.00570313744,KIRC
sample_778,0.670930954583,9.22495431035,0.0,10.0693423501,10.016710805,8.92464625756,0.0,0.0,8.51923129795,7.87205304089,LUAD
sample_779,0.791605724705,9.45236686579,0.0,8.79198333051,10.7691353297,8.73185866776,0.0,0.0,9.04052261596,8.19671522643,LUAD
sample_780,0.0,9.29907290252,0.0,10.4698758038,12.6521301691,8.8937262366,0.0,0.0,8.67673637156,7.07088302296,LUAD
sample_781,0.939903563865,10.5845585647,0.0,5.93433013751,9.6195799116,6.67224145736,0.0,0.0,10.6679453314,9.48923182419,KIRC
sample_782,0.0,10.2603197558,0.0,8.07005652503,10.1695241972,8.47555916233,0.0,0.0,7.9469355081,8.27037943256,BRCA
sample_783,0.0,9.55166981487,0.0,9.00884596279,10.2464437171,9.56938665623,0.0,0.0,8.96705329801,5.32224545289,PRAD
sample_784,0.0,8.39766607728,0.0,9.5689764355,10.3657100319,8.2199138817,0.0,0.0,9.17111923885,10.5047892001,BRCA
sample_785,0.0,9.56984232029,0.0,10.0644463824,9.93577942728,8.6629816226,0.0,0.0,8.09625130947,8.52882523711,BRCA
sample_786,0.88166461932,10.5735619865,0.0,6.4419481905,10.5041138508,8.25097104498,0.0,0.0,9.05017788186,9.47681099721,KIRC
sample_787,0.0,8.07745131145,0.0,9.12566918069,10.4159846614,8.63890647803,0.0,0.0,8.83721162011,8.30266633816,BRCA
sample_788,0.0,8.70583970588,0.0,9.00579575382,9.97010589061,9.1160943924,0.0,0.0,10.1896392694,7.35972320949,PRAD
sample_789,0.57434375392,9.55665548945,0.0,9.17374708346,9.25681725242,8.16493206052,0.0,0.0,8.59915783256,6.9568349586,KIRC
sample_790,0.0,9.83131991286,0.0,7.62996854273,9.85072442663,9.77627016486,0.0,0.0,9.57179435025,8.46857517169,BRCA
sample_791,0.0,10.2039107768,0.0,7.26368234597,9.80642234344,7.55721860452,0.0,0.0,10.4119663925,9.45215885721,BRCA
sample_792,0.0,9.02523924602,0.0,10.0171981526,10.188836073,8.01347342613,0.0,0.0,11.9112983519,8.88762274684,BRCA
sample_793,0.0,10.4978618141,0.0,9.57798011922,9.29400034854,9.42208789958,0.0,0.0,9.47617103612,9.71118169219,BRCA
sample_794,0.0,9.04032534269,0.0,9.9639624537,10.342852491,8.08199997291,0.0,0.0,9.79844749946,7.35945967466,PRAD
sample_795,0.759496755416,9.81380202999,0.0,8.78002788491,11.3072975929,8.31634942168,0.0,0.0,9.96347701399,9.06489632076,LUAD
sample_796,0.0,9.5528535048,0.0,9.06170600488,9.95251849302,7.95811766641,0.0,0.0,9.42058766636,8.64645790698,BRCA
sample_797,0.0,9.27297263214,0.0,5.88968769189,11.423352312,9.68595766358,0.0,0.0,8.80064109733,6.87089484343,LUAD
sample_798,1.00259451671,9.29755369594,0.0,10.1524369638,12.1560957204,9.27362078712,0.0,0.0,8.38243381604,7.40608592766,COAD
sample_799,0.0,9.37545001955,0.0,9.73969455171,10.7459599779,9.92871230071,0.0,0.0,9.31484830876,7.42115596066,PRAD
sample_800,0.0,9.23696610437,0.0,8.60446798061,11.1625738572,9.93529472423,0.0,0.0,9.93673656886,6.93903846963,PRAD
